,work_id,version,task,first_acc,first_C_NED,first_G_NED,second_acc,second_C_NED,second_G_NED,third_acc,third_C_NED,third_G_NED,composed_acc,composed_C_NED,composed_G_NED,grapheme_acc,grapheme_C_NED,grapheme_G_NED,fps
0,rec_grapheme_10000_horizontal_G,146.0,train,0.9999999687500012,1.0,1.0,0.9999999687500012,1.0,1.0,0.9999999687500012,1.0,1.0,0.9999999687500012,1.0,1.0,0.9999999687500012,1.0,1.0,2239.971161259959
0,rec_grapheme_10000_horizontal_G,146.0,eval,0.9385245709318736,0.968255595238062,0.9827614063728526,0.913934407501344,0.9631326445233682,0.9808976281128404,0.944672111789506,0.9746584704646488,0.985480093974354,0.8483606383532657,0.9256871274660784,0.9615445298018132,0.9323770300742412,0.9686822367420264,0.9830463761533492,412.277468379116
0,rec_grapheme_10000_horizontal_G,146.0,test,0.9323770300742412,0.9696070784266048,0.9853228817301994,0.9282786695024864,0.9658697639052188,0.9841985431289004,0.9549180132188932,0.9835187357007285,0.9902962097573528,0.8729508017837951,0.9395247865632118,0.9684366603744332,0.9385245709318736,0.9729985260108508,0.9866058782054844,472.8653155318571
0,rec_grapheme_10000_horizontal_G,151.0,train,0.9968749688476573,0.9993750000195312,0.9993750000195312,0.9999999687500012,1.0,1.0,0.9968749688476573,0.998437500048828,0.998437500048828,0.9937499689453136,0.9971875000878906,0.9976041667415364,0.9979166354817718,0.9992708333561198,0.9992708333561198,2116.07953793702
0,rec_grapheme_10000_horizontal_G,151.0,eval,0.9364753906459962,0.9655331128582532,0.9806916258618792,0.9098360469295892,0.9602979451279045,0.9782342358523864,0.9549180132188932,0.9759798664823276,0.985962843986146,0.8606557200685304,0.9244576192945516,0.9608896594882312,0.9337431502648262,0.967270308156162,0.9816295685668038,424.5097869538388
0,rec_grapheme_10000_horizontal_G,151.0,test,0.9323770300742412,0.9708512236001732,0.985390645628542,0.9385245709318736,0.9717440807247342,0.9872874926709454,0.9528688329330156,0.98353012003565,0.9909906541875668,0.8729508017837951,0.936055817079262,0.967795613896113,0.9412568113130436,0.9753751414535192,0.9878895974956846,460.4334237264543
0,rec_grapheme_10000_horizontal_G,156.0,train,0.9999999687500012,1.0,1.0,0.9999999687500012,1.0,1.0,0.9999999687500012,1.0,1.0,0.9999999687500012,1.0,1.0,0.9999999687500012,1.0,1.0,2054.8831813890265
0,rec_grapheme_10000_horizontal_G,156.0,eval,0.9323770300742412,0.966011254924958,0.9820024507114166,0.913934407501344,0.9618120616724696,0.9805658560665552,0.959016373790648,0.9787568310364038,0.9865198632305217,0.8524589989250205,0.929880628551106,0.9624051313107632,0.9351092704554111,0.9688600492112772,0.9830293900028312,447.2772557551581
0,rec_grapheme_10000_horizontal_G,156.0,test,0.9364753906459962,0.971018735956876,0.9872983348946802,0.9262294892166087,0.9675408216383452,0.9852738206677994,0.9508196526471384,0.9843668686523832,0.9911443427090076,0.8647540806402852,0.9405371792044488,0.972088863439501,0.9378415108365812,0.9743088087492016,0.987905499423829,513.3575273578067
0,rec_grapheme_10000_horizontal_G,161.0,train,0.9999999687500012,1.0,1.0,0.9999999687500012,1.0,1.0,0.9999999687500012,1.0,1.0,0.9999999687500012,1.0,1.0,0.9999999687500012,1.0,1.0,1763.362379862171
0,rec_grapheme_10000_horizontal_G,161.0,eval,0.9323770300742412,0.9659917389222352,0.9802427577992584,0.9241803089307314,0.9644987647139532,0.981100377696681,0.9569671935047708,0.978255920299856,0.9872061759929344,0.87704916235555,0.932908861640236,0.9645692391682296,0.9378415108365812,0.9695821413120148,0.9828497704962912,482.28823084684666
0,rec_grapheme_10000_horizontal_G,161.0,test,0.9426229315036284,0.9739298730296702,0.9872950822275598,0.9262294892166087,0.9676343358180578,0.9854394356353484,0.959016373790648,0.9867104153126608,0.9923874036602026,0.8811475229273049,0.9429644820430776,0.9726035980113106,0.9426229315036284,0.976091541386796,0.988373973841037,551.2165837667574
0,rec_grapheme_10000_horizontal_G,166.0,train,0.9999999687500012,1.0,1.0,0.9999999687500012,1.0,1.0,0.9999999687500012,1.0,1.0,0.9999999687500012,1.0,1.0,0.9999999687500012,1.0,1.0,2390.438653452481
0,rec_grapheme_10000_horizontal_G,166.0,eval,0.9262294892166087,0.9622690614028914,0.9827749591525212,0.9282786695024864,0.9664747599896208,0.9817449478977148,0.9569671935047708,0.978426685323679,0.9870408320809788,0.8647540806402852,0.9306165444871056,0.968078324879998,0.9371584507412886,0.9690568355720636,0.9838535797104048,541.2070106131596
0,rec_grapheme_10000_horizontal_G,1.0,train,0.0031249999023437,0.2040330017010626,0.4759385925406791,0.0,0.0654613387281423,0.237457861131029,0.0,0.1807082695647857,0.3113307135685199,0.0031249999023437,0.0215476496242547,0.2722284453619095,0.0010416666341145,0.1500675366646635,0.3415757224134094,2151.4554067973804
0,rec_grapheme_10000_horizontal_G,166.0,test,0.944672111789506,0.9731931439268904,0.9858373452464158,0.9364753906459962,0.9692509113769168,0.987276108336024,0.9569671935047708,0.9846116318531964,0.9904631800028688,0.8811475229273049,0.9446477372779056,0.9721945751209152,0.9460382319800908,0.9756852290523343,0.9878588778617696,556.7363333061224
0,rec_grapheme_10000_horizontal_G,1.0,eval,0.0061475408576323,0.2145909632914694,0.4789489272090643,0.0,0.069459913682027,0.2458707544594539,0.0,0.1823120751437765,0.3016518081753218,0.0,0.0118446078108865,0.2791718314941152,0.0020491802858774,0.1554543173724243,0.34215716328128,428.0054899919895
0,rec_grapheme_10000_horizontal_G,1.0,test,0.0143442620011421,0.2030811743092713,0.4753380821983252,0.0,0.0517279988749461,0.2463204356888538,0.0,0.1883994132272756,0.3200430950934274,0.0,0.0165983808074099,0.2804758799538188,0.0047814206670473,0.1477361954704976,0.3472338709935355,348.9045449217813
0,rec_grapheme_10000_horizontal_G,171.0,train,0.9968749688476573,0.9993750000195312,0.9993750000195312,0.9999999687500012,1.0,1.0,0.9999999687500012,1.0,1.0,0.9968749688476573,0.9987500000390624,0.9991666666927084,0.9989583021158864,0.9997916666731772,0.9997916666731772,2354.553891672268
0,rec_grapheme_10000_horizontal_G,171.0,eval,0.9344262103601186,0.9661771409481004,0.983803344073767,0.9200819483589764,0.9633928578930036,0.9815936988766144,0.9528688329330156,0.9751008331930288,0.9854117879648248,0.8565573594967755,0.9278965016076374,0.9623636598049776,0.9357923305507037,0.9682236106780442,0.983602943638402,473.40821535103936
0,rec_grapheme_10000_horizontal_G,6.0,train,0.0531249983398438,0.3583073117195632,0.6167340562892301,0.0187499994140625,0.3281138602821563,0.4203253322682727,0.0968749969726563,0.515417921889222,0.6067303363637507,0.0,0.0659821720451998,0.4658639386494241,0.0562499982421875,0.4006130312969804,0.5479299083070844,1957.373054143996
0,rec_grapheme_10000_horizontal_G,171.0,test,0.940573751217751,0.9734175779582008,0.985029599578173,0.9241803089307314,0.9674351099569308,0.9836957350031992,0.9610655540765256,0.9856476063310567,0.9915446918204152,0.8606557200685304,0.9378610473311064,0.9681089541620488,0.941939871408336,0.9755000980820628,0.9867566754672624,459.3163778224309
0,rec_grapheme_10000_horizontal_G,6.0,eval,0.063524588862201,0.3410885185764449,0.6174448751304229,0.018442622572897,0.3197624066012766,0.4034871425037868,0.0778688508633432,0.4979971804664903,0.5874051389951888,0.0020491802858774,0.0619324287985479,0.4634034393070464,0.0532786874328137,0.3862827018814039,0.5361123855431328,495.8556377324229
0,rec_grapheme_10000_horizontal_G,6.0,test,0.0799180311492206,0.3565053475605523,0.6456376384524334,0.0143442620011421,0.3044301469623008,0.4176018204173453,0.0758196705774657,0.4925733580431559,0.5813920417118683,0.0020491802858774,0.0612664452056376,0.4833089489173624,0.0566939879092762,0.3845029508553363,0.5482105001938823,459.68466427094137
0,rec_grapheme_10000_horizontal_G,176.0,train,0.9999999687500012,1.0,1.0,0.9999999687500012,1.0,1.0,0.9999999687500012,1.0,1.0,0.9999999687500012,1.0,1.0,0.9999999687500012,1.0,1.0,2097.084762219811
0,rec_grapheme_10000_horizontal_G,176.0,eval,0.9385245709318736,0.9695290144157144,0.9812700584981306,0.9282786695024864,0.9669187490515608,0.9824242132147004,0.9610655540765256,0.978255920299856,0.9855798424327142,0.8729508017837951,0.938138337203124,0.9661332299419746,0.9426229315036284,0.9715678945890436,0.9830913713818484,462.4123696155575
0,rec_grapheme_10000_horizontal_G,11.0,train,0.6531249795898444,0.8618067999534581,0.9037239613419596,0.1156249963867188,0.5076984280828368,0.6108912158633533,0.3999999875000004,0.7184238679262382,0.7931981711450966,0.0562499982421875,0.2051116319831186,0.5117212454174411,0.3895833211588546,0.6959763653208443,0.7692711161168031,2099.973314147557
0,rec_grapheme_10000_horizontal_G,176.0,test,0.9364753906459962,0.9720433260998148,0.9873796515726913,0.9385245709318736,0.9705487255579724,0.9880426535540744,0.9569671935047708,0.9858069870199584,0.9919772965474336,0.8668032609261628,0.9378342128273628,0.9710114174558552,0.9439890516942137,0.9761330128925816,0.9891332005580664,386.0093975523956
0,rec_grapheme_10000_horizontal_G,11.0,eval,0.6270491674785007,0.844650178827426,0.8911768714293923,0.1045081945797501,0.4726832986016631,0.5866914496178455,0.3770491726014514,0.7010579361284639,0.7788584809822778,0.0532786874328137,0.1920895299565306,0.4825941753176453,0.3695355115532341,0.6727971378525176,0.7522422673431718,475.6211912097876
0,rec_grapheme_10000_horizontal_G,11.0,test,0.6434426097655204,0.857323087398431,0.8974675049989065,0.086065572006853,0.4657274699646013,0.5734907711651316,0.415983598033123,0.7331446841048287,0.7978963416382158,0.0450819662893039,0.1960838051804319,0.4833555704794218,0.3818305932684988,0.6853984138226203,0.7562848726007513,472.653819693496
0,rec_grapheme_10000_horizontal_G,181.0,train,0.9999999687500012,1.0,1.0,0.9999999687500012,1.0,1.0,0.9999999687500012,1.0,1.0,0.9999999687500012,1.0,1.0,0.9999999687500012,1.0,1.0,1932.925903713602
0,rec_grapheme_10000_horizontal_G,181.0,eval,0.9364753906459962,0.9674830867969572,0.9822979013081898,0.9159835877872216,0.9608362615363372,0.9810559245793684,0.9549180132188932,0.9767076507505262,0.9847059591996892,0.8565573594967755,0.9280534427961986,0.9641377186635844,0.9357923305507038,0.9683423330279404,0.9826865950290824,493.0919231189742
0,rec_grapheme_10000_horizontal_G,16.0,train,0.5624999824218756,0.7856758499515979,0.8859585849130005,0.3406249893554691,0.7136346815679637,0.8412677794312813,0.4531249858398442,0.782622774650181,0.8789827253426364,0.1499999953125001,0.4272867242464959,0.7141410472928802,0.4520833192057296,0.7606444353899141,0.8687363632289727,2163.267958619281
0,rec_grapheme_10000_horizontal_G,181.0,test,0.9323770300742412,0.968403591592042,0.98490870878353,0.9344262103601186,0.9717554650596558,0.987192623213266,0.9549180132188932,0.98323412732769,0.9904366165547184,0.8688524412120402,0.9381049973651396,0.9690763515747864,0.9405737512177512,0.9744643946597958,0.9875126495171714,369.1728996385466
0,rec_grapheme_10000_horizontal_G,16.0,eval,0.5860655617609516,0.7919081814694849,0.8856221291544601,0.3668032711720641,0.7270524385882435,0.8406762327730277,0.4098360571754906,0.7419659173354629,0.8592045089134298,0.1639344228701962,0.4520768392268925,0.7165783083492386,0.4542349633695021,0.7536421791310638,0.8618342902803059,420.8938901454247
0,rec_grapheme_10000_horizontal_G,16.0,test,0.5881147420468291,0.8008505765503557,0.8860287125445152,0.3401639274556572,0.6781030510927358,0.8127488328769267,0.4262294994625102,0.7378561724287865,0.8555563716822625,0.1639344228701962,0.4343571219215134,0.70174289361291,0.4515027229883322,0.7389366000239593,0.8514446390345682,507.4602993121229
0,rec_grapheme_10000_horizontal_G,186.0,train,0.9999999687500012,1.0,1.0,0.9999999687500012,1.0,1.0,0.9999999687500012,1.0,1.0,0.9999999687500012,1.0,1.0,0.9999999687500012,1.0,1.0,1953.4557919445583
0,rec_grapheme_10000_horizontal_G,186.0,eval,0.9364753906459962,0.9666943150202504,0.9821791789582938,0.9241803089307314,0.964319868022329,0.981753079565516,0.963114734362403,0.9789845177348344,0.9860720793902742,0.8647540806402852,0.930544985810456,0.9635554912490256,0.9412568113130436,0.9699995669258048,0.9833347793046948,477.4318260489279
0,rec_grapheme_10000_horizontal_G,21.0,train,0.8687499728515634,0.9364161726219152,0.9634350209839254,0.6718749790039069,0.8693675636060731,0.9158829391365948,0.8312499740234384,0.9349181567957124,0.9641741082624162,0.5624999824218756,0.75087426373756,0.8761007809882527,0.7906249752929696,0.9135672976745668,0.9478306894609788,2094.604698860598
0,rec_grapheme_10000_horizontal_G,186.0,test,0.9426229315036284,0.9707796649235236,0.9842966652537004,0.9282786695024864,0.9690037086757632,0.9853667927363252,0.944672111789506,0.9817972616272354,0.9895098774809864,0.8688524412120402,0.9381781823753496,0.9682515294041614,0.9385245709318736,0.973860211742174,0.9863911118236708,458.4990088437765
0,rec_grapheme_10000_horizontal_G,21.0,eval,0.809426212921594,0.9044350136679008,0.9507811832446826,0.7110655591994763,0.8679238252409573,0.9162064159767744,0.7971311312063293,0.9175928653368624,0.9545469586033724,0.5573770377586673,0.7416577271258011,0.8767559006953264,0.7725409677757998,0.8966505680819067,0.9405115192749433,426.6872405753614
0,rec_grapheme_10000_horizontal_G,21.0,test,0.8114753932074715,0.9116705716773204,0.9528016316376628,0.6700819534819272,0.8536714510859675,0.9138628693164972,0.8032786720639616,0.9244852669650756,0.9612355264253716,0.5225409728987506,0.7421415613599667,0.8677633603296822,0.7616120062511201,0.8966090965761212,0.942633342459844,485.0040651125691
0,rec_grapheme_10000_horizontal_G,191.0,train,0.9999999687500012,1.0,1.0,0.9999999687500012,1.0,1.0,0.9999999687500012,1.0,1.0,0.9999999687500012,1.0,1.0,0.9999999687500012,1.0,1.0,1997.594511394876
0,rec_grapheme_10000_horizontal_G,191.0,eval,0.9364753906459962,0.9656014188677824,0.9832053954347928,0.922131128644854,0.9659624649181514,0.9812814428330522,0.963114734362403,0.9793748377892876,0.9864298727735228,0.8565573594967755,0.928964189589922,0.964954951277595,0.9405737512177512,0.9703129071917406,0.9836389036804558,465.48373116878
0,rec_grapheme_10000_horizontal_G,26.0,train,0.8718749727539071,0.9410379482711356,0.970152530694638,0.8531249733398446,0.9409077399418712,0.9708928580524552,0.9031249717773449,0.962291667845052,0.9767013896169704,0.7406249768554696,0.8594382484401738,0.931965527919728,0.8760416392903655,0.9480791186860196,0.972582259454688,2095.53555626029
0,rec_grapheme_10000_horizontal_G,191.0,test,0.940573751217751,0.9728597455470452,0.9868245297174694,0.9262294892166087,0.9679189441910964,0.9866803281417964,0.9508196526471384,0.9829121132827664,0.9919360960972416,0.8668032609261628,0.9401411669825352,0.9719091535810966,0.939207631027166,0.9745636010069694,0.9884803179855024,418.2207383364357
0,rec_grapheme_10000_horizontal_G,26.0,eval,0.836065556638001,0.92178474008833,0.9625081324362438,0.8237704749227363,0.9200120365076898,0.9570870205688432,0.87704916235555,0.9490778698959452,0.9701546107252124,0.7028688380559664,0.8371072437751247,0.9201605749728566,0.8456283979720958,0.930291548830655,0.963249921243433,416.9416751410829
0,rec_grapheme_10000_horizontal_G,26.0,test,0.8381147369238784,0.9229776557547512,0.9600613135948924,0.7950819509204519,0.915124090992448,0.9596165113661722,0.8729508017837951,0.9543772778019228,0.9747210843067172,0.6803278549113145,0.8275769291122343,0.9156203937839084,0.8353824965427085,0.930826341516374,0.964799636422594,414.91418358592233
0,rec_grapheme_10000_horizontal_G,196.0,train,0.9999999687500012,1.0,1.0,0.9999999687500012,1.0,1.0,0.9999999687500012,1.0,1.0,0.9999999687500012,1.0,1.0,0.9999999687500012,1.0,1.0,1841.4866665986144
0,rec_grapheme_10000_horizontal_G,196.0,eval,0.9303278497883638,0.9642466830121192,0.9815096716426698,0.922131128644854,0.9660047495907172,0.9817812693472264,0.9692622752200354,0.9808743173318104,0.9875802327117852,0.8668032609261628,0.9328324239629056,0.9657288149966664,0.9405737512177512,0.9703752499782156,0.9836237245672272,496.7702208666981
0,rec_grapheme_10000_horizontal_G,31.0,train,0.912499971484376,0.959218751274414,0.977864584025065,0.9093749715820322,0.9635639892338634,0.9802852188700552,0.9312499708984384,0.9735937508251952,0.9834548616281468,0.8124999746093758,0.8991815507696242,0.9529265887726316,0.9177083046549488,0.9654588304444908,0.9805348881744224,2139.8724128501403
0,rec_grapheme_10000_horizontal_G,196.0,test,0.9385245709318736,0.9708447182659324,0.985682301447008,0.9344262103601186,0.97090163994054,0.9862629025280067,0.9549180132188932,0.9839968777674332,0.9899319110398634,0.8749999820696726,0.9397150675897576,0.9704278347633294,0.9426229315036284,0.9752477453246352,0.987292371671626,355.11420954165226
0,rec_grapheme_10000_horizontal_G,31.0,eval,0.8647540806402852,0.9312337380732092,0.9646028500618072,0.8545081792108981,0.936247724439368,0.9628859839334016,0.9077868666437118,0.9592489599815625,0.9750628854099568,0.7643442466322901,0.865145234353321,0.9314589852712998,0.875683042164965,0.9422434741647132,0.967517239801722,435.82590920889305
0,rec_grapheme_10000_horizontal_G,31.0,test,0.8749999820696726,0.9410584191104996,0.9680880828813592,0.8422130974956333,0.930633620989488,0.9663931722560164,0.899590145500202,0.963604281255832,0.97969034649997,0.7336065423441283,0.8600962818156175,0.9302755565506462,0.8722677416885026,0.9450987737852732,0.9713905338791152,452.1080462069655
0,rec_grapheme_10000_horizontal_G,201.0,train,0.9999999687500012,1.0,1.0,0.9999999687500012,1.0,1.0,0.9999999687500012,1.0,1.0,0.9999999687500012,1.0,1.0,0.9999999687500012,1.0,1.0,1788.6750829371847
0,rec_grapheme_10000_horizontal_G,201.0,eval,0.9385245709318736,0.96765059915366,0.9815600879830366,0.9200819483589764,0.9636709609318012,0.9799028540851722,0.9569671935047708,0.9768361311017836,0.9864336675518298,0.8545081792108981,0.9266808172713727,0.9614160494505558,0.9385245709318736,0.969385897062415,0.9826322032066797,428.47713774316793
0,rec_grapheme_10000_horizontal_G,36.0,train,0.9343749708007822,0.9689062509716796,0.983281250522461,0.9281249709960948,0.9696354176155598,0.9830381949745008,0.9468749704101572,0.9798437506298828,0.9854687504541016,0.8468749735351572,0.9185267882603236,0.9596759271860532,0.9364583040690114,0.9727951397390407,0.9839293986503544,2168.3535478399363
0,rec_grapheme_10000_horizontal_G,201.0,test,0.9528688329330156,0.9754244735715124,0.9893437204022504,0.9364753906459962,0.9715847000358326,0.986627201245496,0.959016373790648,0.9841448741214132,0.9903607209885747,0.8729508017837951,0.9404509835257572,0.9710293071250174,0.9494535324565532,0.9770513492429196,0.9887772142121072,462.1042486271188
0,rec_grapheme_10000_horizontal_G,36.0,eval,0.8852458834990599,0.9394987652262484,0.9731866385926496,0.8647540806402852,0.9381180080336212,0.965809047452304,0.9118852272154668,0.9626756447929464,0.9777382041165192,0.7807376889193097,0.8796179767057206,0.940761342180166,0.8872950637849373,0.9467641393509388,0.9722446300538242,484.7696956065759
0,rec_grapheme_10000_horizontal_G,36.0,test,0.8934426046425696,0.9510254043343088,0.9737631738397476,0.8668032609261628,0.9428221778565584,0.9744592446035218,0.899590145500202,0.9652265489821518,0.9809141625040358,0.7520491649170253,0.8796342400413228,0.9424155944665032,0.8866120036896449,0.9530247103910062,0.9763788603157684,466.15062620141225
0,rec_grapheme_10000_horizontal_G,206.0,train,0.9999999687500012,1.0,1.0,0.9999999687500012,1.0,1.0,0.9999999687500012,1.0,1.0,0.9999999687500012,1.0,1.0,0.9999999687500012,1.0,1.0,2270.2588084725016
0,rec_grapheme_10000_horizontal_G,206.0,eval,0.9344262103601186,0.9662308099555876,0.9828725391661344,0.9282786695024864,0.9672147417595208,0.981574182873892,0.9569671935047708,0.9767678250922543,0.9850675473612448,0.8606557200685304,0.9347571897314264,0.9667726500867344,0.9398906911224586,0.9700711256024542,0.9831714231337568,535.800750730956
0,rec_grapheme_10000_horizontal_G,41.0,train,0.9437499705078136,0.9712500008984376,0.9844097227094184,0.9406249706054698,0.9723437508642578,0.9877951392702908,0.9593749700195324,0.9853929928807114,0.990323548282187,0.8593749731445322,0.9260788713576544,0.9646676598342944,0.947916637044272,0.9763289148811356,0.9875094700872988,1917.9403709646976
0,rec_grapheme_10000_horizontal_G,206.0,test,0.9467212920753834,0.9751854025381602,0.9864027672141856,0.9303278497883638,0.9681466308895272,0.9835382517034512,0.9569671935047708,0.9848279342167058,0.991499154480729,0.8749999820696726,0.9377146773106868,0.9666655831273532,0.944672111789506,0.976053322548131,0.9871467244661218,429.6728996137015
0,rec_grapheme_10000_horizontal_G,41.0,eval,0.899590145500202,0.9462805761723664,0.975596864928896,0.8729508017837951,0.9437760224896274,0.9684290708178188,0.913934407501344,0.9649720277799771,0.9789059116127572,0.7889344100628195,0.8864949281651118,0.9464120381351512,0.895491784928447,0.9516762088139904,0.9743106157864908,390.657571357133
0,rec_grapheme_10000_horizontal_G,41.0,test,0.9098360469295892,0.9581145923233088,0.9763918709842502,0.8749999820696726,0.9485899698278792,0.97540495756879,0.9118852272154668,0.9698030516206114,0.983441484856618,0.7643442466322901,0.8902794063597441,0.9450068859391209,0.8989070854049096,0.9588358712572664,0.9784127711365526,388.8700010207793
0,rec_grapheme_10000_horizontal_G,211.0,train,0.9999999687500012,1.0,1.0,0.9999999687500012,1.0,1.0,0.9999999687500012,1.0,1.0,0.9999999687500012,1.0,1.0,0.9999999687500012,1.0,1.0,2119.5518210609384
0,rec_grapheme_10000_horizontal_G,211.0,eval,0.940573751217751,0.968507676939896,0.9846986406986682,0.9262294892166087,0.9671659517527144,0.9824090341014716,0.959016373790648,0.9778834899145656,0.9866949651438386,0.8688524412120402,0.9377715989852944,0.9662955922424032,0.941939871408336,0.971185706202392,0.984600879981326,559.3648614965487
0,rec_grapheme_10000_horizontal_G,46.0,train,0.9687499697265636,0.979218750649414,0.9882118059239366,0.9437499705078136,0.9741666674739584,0.98572916711263,0.9843749692382824,0.992291666907552,0.9940277779644096,0.9187499712890634,0.9471205373667688,0.9721949413450984,0.9656249698242196,0.9818923616769748,0.9893229170003256,1675.2243430717829
0,rec_grapheme_10000_horizontal_G,211.0,test,0.9364753906459962,0.9709130242754616,0.984839860662814,0.9385245709318736,0.9713683976723232,0.9876783548365852,0.9569671935047708,0.9864127962711404,0.9926324379166092,0.8790983426414275,0.941786203378698,0.97109707102336,0.9439890516942134,0.9762314060729752,0.9883835511386692,352.6519158314352
0,rec_grapheme_10000_horizontal_G,46.0,eval,0.9118852272154668,0.953418554168173,0.9789162117253052,0.87704916235555,0.9454283773868112,0.9705508940027192,0.9180327680730992,0.967052921570279,0.9795637635378664,0.8053278523498392,0.8987664280437533,0.9520540603111484,0.902322385881372,0.9552999510417544,0.9763436230886304,427.2470122634638
0,rec_grapheme_10000_horizontal_G,46.0,test,0.9241803089307314,0.9652411859841936,0.9844368009954728,0.8975409652143246,0.9561686842185052,0.9797526892864452,0.922131128644854,0.9705430333905116,0.9844660749995569,0.7991803114922068,0.9048155757209922,0.956371433802346,0.9146174675966366,0.9639843011977368,0.9828851884271582,392.2388716833132
0,rec_grapheme_10000_horizontal_G,216.0,train,0.9999999687500012,1.0,1.0,0.9999999687500012,1.0,1.0,0.9999999687500012,1.0,1.0,0.9999999687500012,1.0,1.0,0.9999999687500012,1.0,1.0,1869.2843664458808
0,rec_grapheme_10000_horizontal_G,216.0,eval,0.9282786695024864,0.9621129333811104,0.9815839408752532,0.9200819483589764,0.9626236021190192,0.9812418687164202,0.9569671935047708,0.976528754058902,0.9856654960002192,0.8504098186391431,0.9267596944490436,0.9644946988800528,0.9351092704554111,0.9670884298530104,0.9828304351972976,426.8624595978116
0,rec_grapheme_10000_horizontal_G,51.0,train,0.962499969921876,0.977864584025065,0.991024305836046,0.962499969921876,0.9824479172151692,0.9909548613937716,0.962499969921876,0.9851562504638672,0.990781250288086,0.9093749715820322,0.9492075908729772,0.975773810280878,0.962499969921876,0.9818229172347004,0.9909201391726344,1939.7266913223173
0,rec_grapheme_10000_horizontal_G,216.0,test,0.9385245709318736,0.9706885902441512,0.9853288449532536,0.9364753906459962,0.9708333339310108,0.9870142686328284,0.9569671935047708,0.9849531619008428,0.99116141921139,0.8811475229273049,0.9419496499015,0.9703256468046288,0.9439890516942134,0.9754916953586684,0.987834844265824,442.6346822089057
0,rec_grapheme_10000_horizontal_G,51.0,eval,0.9077868666437118,0.952481786037486,0.9773245732810364,0.8852458834990599,0.9509188794861144,0.9729616624501524,0.9385245709318736,0.9717001697186084,0.981909749698484,0.8258196552086137,0.9048302127230342,0.954981731775138,0.9105191070248816,0.9583669450807364,0.977398661809891,433.7373568364576
0,rec_grapheme_10000_horizontal_G,51.0,test,0.9241803089307314,0.9657705575580454,0.9834672351379882,0.8872950637849373,0.9502480168925236,0.977480972358411,0.9180327680730992,0.9698827419650622,0.9843408473154198,0.7889344100628195,0.9012490262234294,0.9529645360492782,0.9098360469295892,0.961967105471877,0.9817630182706064,489.5601339714817
0,rec_grapheme_10000_horizontal_G,221.0,train,0.9999999687500012,1.0,1.0,0.9999999687500012,1.0,1.0,0.9999999687500012,1.0,1.0,0.9999999687500012,1.0,1.0,0.9999999687500012,1.0,1.0,1958.1116329847869
0,rec_grapheme_10000_horizontal_G,221.0,eval,0.940573751217751,0.9688378226526208,0.9838675842493956,0.922131128644854,0.9642548146799202,0.98072306831071,0.959016373790648,0.9766051917362324,0.9860812952804489,0.8668032609261628,0.9367697775121988,0.9655461235267352,0.9405737512177512,0.9698992763562576,0.9835573159468516,490.3347116031976
0,rec_grapheme_10000_horizontal_G,56.0,train,0.9718749696289072,0.985781250444336,0.9929687502197264,0.9593749700195324,0.9802083339518228,0.9909375002832032,0.9812499693359386,0.992291666907552,0.994548611281467,0.9281249709960948,0.9626376499770972,0.9818241573140268,0.9708333029947928,0.9860937504345704,0.9928182872614656,2114.244610554024
0,rec_grapheme_10000_horizontal_G,221.0,test,0.9426229315036284,0.9719376144184004,0.9876783548365852,0.9364753906459962,0.9721344007791872,0.9872679766682227,0.963114734362403,0.9862054387422122,0.99145741191935,0.8852458834990599,0.9458089394399029,0.97338776184293,0.947404352170676,0.9767591513132666,0.9888012478080528,411.4564158072962
0,rec_grapheme_10000_horizontal_G,56.0,eval,0.9077868666437118,0.9549521867154608,0.9759318896423012,0.8872950637849373,0.9510685021736548,0.9731904333709568,0.940573751217751,0.9735867166484636,0.9838418339680256,0.8258196552086137,0.908033276669888,0.9530978954012164,0.9118852272154668,0.959869135179193,0.9776547189937612,555.1074989534586
0,rec_grapheme_10000_horizontal_G,56.0,test,0.9364753906459962,0.9715391626961464,0.9862629025280067,0.9036885060719568,0.9580153859761354,0.9793414979513028,0.9282786695024864,0.9725580606716244,0.9840790076122244,0.831967196066246,0.9154737527078952,0.9601453408288372,0.9228141887401464,0.967370869781302,0.983227802697178,510.3575358794037
0,rec_grapheme_10000_horizontal_G,226.0,train,0.9999999687500012,1.0,1.0,0.9999999687500012,1.0,1.0,0.9999999687500012,1.0,1.0,0.9999999687500012,1.0,1.0,0.9999999687500012,1.0,1.0,1782.1266901876318
0,rec_grapheme_10000_horizontal_G,226.0,eval,0.9426229315036284,0.9691224310256592,0.9838852028629648,0.9262294892166087,0.9648240314259972,0.9809832816803452,0.9610655540765256,0.9779713119268174,0.9860108208261724,0.8627049003544078,0.9303555179506904,0.9628458677055828,0.9433059915989208,0.970639258126158,0.9836264351231608,508.945148693068
0,rec_grapheme_10000_horizontal_G,61.0,train,0.9843749692382824,0.9920833335807292,0.9952777779253472,0.9718749696289072,0.987708333717448,0.992951389109158,0.9843749692382824,0.9940625001855468,0.9970833334244792,0.9562499701171884,0.9753906257690428,0.987352430950792,0.980208302701824,0.9912847224945748,0.9951041668196616,2066.093068554504
0,rec_grapheme_10000_horizontal_G,226.0,test,0.9467212920753834,0.9747869508159064,0.9881575811256632,0.9323770300742412,0.9715481075307276,0.986294616032431,0.9795081766494228,0.992592050633197,0.9949979400799494,0.8893442440708147,0.9481362227645778,0.974539206003566,0.9528688329330158,0.9796423696599436,0.9898167124126812,489.0004443122609
0,rec_grapheme_10000_horizontal_G,61.0,eval,0.9159835877872216,0.9571493633553182,0.9772877097203382,0.8975409652143246,0.9562630115649982,0.976051154103384,0.944672111789506,0.9733590299500328,0.9822431480783292,0.8299180157803686,0.9100556224520218,0.9555037848479688,0.919398888263684,0.9622571349567832,0.9785273373006836,570.4387013926319
0,rec_grapheme_10000_horizontal_G,61.0,test,0.9303278497883638,0.9683117037458896,0.985877732529828,0.899590145500202,0.9542439184499848,0.9796781489982684,0.9344262103601186,0.9774248638505834,0.986646175137032,0.8237704749227363,0.9148955911272372,0.9605321371605762,0.9214480685495614,0.966660162015486,0.9840673522217096,454.2262669086576
0,rec_grapheme_10000_horizontal_G,231.0,train,0.9999999687500012,1.0,1.0,0.9999999687500012,1.0,1.0,0.9999999687500012,1.0,1.0,0.9999999687500012,1.0,1.0,0.9999999687500012,1.0,1.0,2020.1247688225928
0,rec_grapheme_10000_horizontal_G,231.0,eval,0.9323770300742412,0.9674684497949152,0.9814831081945196,0.9303278497883638,0.9667105783558528,0.9835908364885648,0.9549180132188932,0.9757367296150748,0.9854860571974082,0.8668032609261628,0.9352361449649113,0.9639794221970562,0.939207631027166,0.9699719192552808,0.983520000626831,410.5072048873634
0,rec_grapheme_10000_horizontal_G,66.0,train,0.9812499693359386,0.9909375002832032,0.9939236113009984,0.9781249694335948,0.987291667063802,0.9930208335514324,0.9843749692382824,0.9944791668391928,0.9971527778667536,0.962499969921876,0.9777343756958008,0.9876562503857422,0.9812499693359386,0.990902778062066,0.994699074239728,2172.372291416036
0,rec_grapheme_10000_horizontal_G,231.0,test,0.9487704723612608,0.9754700109111988,0.9883321409277936,0.9282786695024864,0.9692655483789586,0.9859322147040952,0.9692622752200354,0.9873097192296018,0.9930853718131304,0.8872950637849373,0.9463244871784924,0.974975063397705,0.9487704723612608,0.9773484261732532,0.9891165758150064,411.8712042274523
0,rec_grapheme_10000_horizontal_G,66.0,eval,0.9180327680730992,0.9571103313498728,0.977442753519746,0.8913934243566922,0.9520540603111484,0.975089990969294,0.944672111789506,0.9738713250215022,0.9833701972355616,0.831967196066246,0.9090903934840312,0.9580479126473398,0.9180327680730992,0.9610119055608412,0.9786343139082004,403.0608494165603
0,rec_grapheme_10000_horizontal_G,66.0,test,0.922131128644854,0.9642588805138208,0.9863786432663756,0.9036885060719568,0.9552311029210384,0.9789446725626092,0.9323770300742412,0.9740721772161894,0.9849442170662616,0.8278688354944911,0.9161316046330044,0.962327338355466,0.919398888263684,0.9645207202170162,0.9834225109650822,439.0172420578599
0,rec_grapheme_10000_horizontal_G,236.0,train,0.9999999687500012,1.0,1.0,0.9999999687500012,1.0,1.0,0.9999999687500012,1.0,1.0,0.9999999687500012,1.0,1.0,0.9999999687500012,1.0,1.0,1898.7117061193817
0,rec_grapheme_10000_horizontal_G,236.0,eval,0.9364753906459962,0.9678782858520908,0.982091356946042,0.9282786695024864,0.9663121266335988,0.9830351725221564,0.959016373790648,0.977000390791366,0.9870587217501412,0.8729508017837951,0.9387303226190444,0.9669377229430968,0.9412568113130436,0.9703969344256852,0.9840617504061132,472.282920429136
0,rec_grapheme_10000_horizontal_G,71.0,train,0.987499969140626,0.9936979168636068,0.9968923612082248,0.9843749692382824,0.9909375002832032,0.9939930557432726,0.9843749692382824,0.9939583335221354,0.9957638890212672,0.974999969531251,0.98536458379069,0.990781250288086,0.9854166358723968,0.9928645835563152,0.9955497686575882,2315.818693207389
0,rec_grapheme_10000_horizontal_G,236.0,test,0.9487704723612608,0.9770524334652928,0.9888899733389492,0.9364753906459962,0.9717245647220116,0.9871313646491644,0.963114734362403,0.985701275338544,0.9919854282152348,0.8831967032131823,0.9464554070300902,0.9742749268000302,0.9494535324565532,0.978159424508616,0.9893355887344494,440.50629135814296
0,rec_grapheme_10000_horizontal_G,71.0,eval,0.9241803089307314,0.9597222230475864,0.9784565014389498,0.8975409652143246,0.9530135971116782,0.9748866992742664,0.9323770300742412,0.9705584835593336,0.9811957892655472,0.8504098186391431,0.9183840766139094,0.9606568227335264,0.9180327680730992,0.9610981012395328,0.9781796633262544,548.0708494221108
0,rec_grapheme_10000_horizontal_G,256.0,test,0.9508196526471384,0.9775110595292752,0.989826741469636,0.9323770300742412,0.9712236539854636,0.986281334308356,0.9651639146482804,0.9880838540042666,0.9930398344734442,0.8811475229273049,0.9476670255324544,0.973573705979982,0.9494535324565532,0.9789395225063352,0.989715970083812,571.8113094007064
0,rec_grapheme_10000_horizontal_G,71.0,test,0.9323770300742412,0.9668658932108536,0.9847506833725952,0.9057376863578344,0.9587602467467162,0.9824282790486007,0.9426229315036284,0.9793317399499416,0.9882684428633516,0.8463114580673882,0.9244250926233474,0.9661486801107968,0.9269125493119014,0.9683192933025038,0.9851491350948492,456.9521582669935
0,rec_grapheme_10000_horizontal_G,241.0,train,0.9999999687500012,1.0,1.0,0.9999999687500012,1.0,1.0,0.9999999687500012,1.0,1.0,0.9999999687500012,1.0,1.0,0.9999999687500012,1.0,1.0,1327.0114500227282
0,rec_grapheme_10000_horizontal_G,241.0,eval,0.9385245709318736,0.9688492069875424,0.9831598580951064,0.9344262103601186,0.9679628551972222,0.983363149790134,0.9569671935047708,0.97673529842105,0.9863252453144818,0.8749999820696726,0.9387067407824212,0.9671345093038834,0.9433059915989208,0.9711824535352716,0.984282751066574,375.4771566819571
0,rec_grapheme_10000_horizontal_G,261.0,train,0.9999999687500012,1.0,1.0,0.9999999687500012,1.0,1.0,0.9999999687500012,1.0,1.0,0.9999999687500012,1.0,1.0,0.9999999687500012,1.0,1.0,1516.651058448712
0,rec_grapheme_10000_horizontal_G,76.0,train,0.9937499689453136,0.9971875000878906,0.998854166702474,0.9843749692382824,0.9928125002246092,0.9957986112424044,0.9843749692382824,0.9944791668391928,0.9966319445496962,0.974999969531251,0.9847916671419272,0.9918402780327692,0.987499969140626,0.9948263890505644,0.9970949074981916,1822.221486068364
0,rec_grapheme_10000_horizontal_G,241.0,test,0.9487704723612608,0.9773825791780176,0.9907456199311604,0.9385245709318736,0.9710610206294418,0.9872115971048018,0.967213094934158,0.9871357015386584,0.9930707348110884,0.8934426046425696,0.9511416871838648,0.9773538472851204,0.9515027127424308,0.9785264337820392,0.9903426506156836,428.5155729192474
0,rec_grapheme_10000_horizontal_G,261.0,eval,0.9323770300742412,0.9649899174491398,0.9830075248516326,0.9323770300742412,0.9669382650542836,0.9831679897629076,0.963114734362403,0.9783860269846736,0.98786213052889,0.8688524412120402,0.9340684374686732,0.9657125516610644,0.9426229315036284,0.9701047364960322,0.98467921504781,408.9151071286754
0,rec_grapheme_10000_horizontal_G,76.0,eval,0.9118852272154668,0.9563410755758888,0.9753019564433092,0.9036885060719568,0.9558987128475088,0.9757475718388096,0.9426229315036284,0.9743771147587308,0.9838271969659836,0.8401639172097558,0.915493268710618,0.9531138876812252,0.919398888263684,0.9622056343940428,0.9782922417493676,463.9107674689175
0,rec_grapheme_10000_horizontal_G,261.0,test,0.9467212920753834,0.975974174314867,0.9887452296520894,0.9303278497883638,0.970028298818702,0.986452099332179,0.9651639146482804,0.9875601745978756,0.9922884683686224,0.8790983426414275,0.9434320529416408,0.9722834813555404,0.947404352170676,0.9778542159104816,0.9891619324509636,433.8915722101936
0,rec_grapheme_10000_horizontal_G,76.0,test,0.9344262103601186,0.9674237256220092,0.9844433063297136,0.9118852272154668,0.9635083275757792,0.9837529277334002,0.9385245709318736,0.9769979512910256,0.9876992261172746,0.8504098186391431,0.9291959421222532,0.967672554656723,0.9282786695024864,0.9693100014962712,0.985298486726796,448.191091239493
0,rec_grapheme_10000_horizontal_G,246.0,train,0.9999999687500012,1.0,1.0,0.9999999687500012,1.0,1.0,0.9999999687500012,1.0,1.0,0.9999999687500012,1.0,1.0,0.9999999687500012,1.0,1.0,1891.9463013078248
0,rec_grapheme_10000_horizontal_G,246.0,eval,0.9364753906459962,0.966853695709152,0.9814652185253572,0.9303278497883638,0.9664666283218196,0.9835745731529628,0.9610655540765256,0.9772882518315248,0.9871058854233876,0.8729508017837951,0.9378512893297452,0.966310771355632,0.9426229315036284,0.9702028586208322,0.9840485590339024,439.9551895005811
0,rec_grapheme_10000_horizontal_G,266.0,train,0.9999999687500012,1.0,1.0,0.9999999687500012,1.0,1.0,0.9999999687500012,1.0,1.0,0.9999999687500012,1.0,1.0,0.9999999687500012,1.0,1.0,2070.3046771291165
0,rec_grapheme_10000_horizontal_G,81.0,train,0.987499969140626,0.995781250131836,0.9961979167854818,0.9812499693359386,0.9944791668391928,0.996354166780599,0.9937499689453136,0.9987500000390624,0.9991666666927084,0.9656249698242196,0.9837500005078124,0.9920833335807292,0.987499969140626,0.9963368056700302,0.9972395834195964,2027.1639125246
0,rec_grapheme_10000_horizontal_G,246.0,test,0.944672111789506,0.9746129331249628,0.9881527021249826,0.9323770300742412,0.9693338543884878,0.985863908694566,0.9733606357917904,0.9892418034991434,0.9934691865333424,0.895491784928447,0.9479947317448386,0.9752016658737624,0.9501365925518458,0.9777295303375312,0.9891619324509636,376.520166292433
0,rec_grapheme_10000_horizontal_G,266.0,eval,0.940573751217751,0.9668569483762726,0.982683342361962,0.9303278497883638,0.9662552049589912,0.982522877450687,0.963114734362403,0.9783860269846736,0.9874067571320282,0.87704916235555,0.9375008144475178,0.9658862982964144,0.944672111789506,0.970499393439979,0.9842043256482258,446.5598010323152
0,rec_grapheme_10000_horizontal_G,81.0,eval,0.9200819483589764,0.9595969953634496,0.977715435446676,0.9016393257860794,0.9558873285125872,0.9750151796255238,0.9467212920753834,0.97503740618418,0.9844094243805424,0.8504098186391431,0.9180449860666036,0.9599962602524836,0.9228141887401464,0.9635072433534057,0.9790466798175808,473.8987595576497
0,rec_grapheme_10000_horizontal_G,266.0,test,0.9487704723612608,0.9753447832270618,0.9898560154737198,0.9303278497883638,0.9695160037472326,0.9864710732237147,0.9610655540765256,0.9865355844549368,0.9919469383209764,0.8872950637849373,0.9452673703643494,0.974194965399986,0.9467212920753836,0.9771321238097438,0.9894246756728036,421.1718614125687
0,rec_grapheme_10000_horizontal_G,81.0,test,0.9241803089307314,0.9644979515471732,0.9821702341237126,0.895491784928447,0.9553823519421388,0.9788243238791527,0.9426229315036284,0.9789845177348344,0.988228597691126,0.8401639172097558,0.9210870429909954,0.962497290212509,0.920765008454269,0.9662882737413822,0.9830743852313306,402.92397469813153
0,rec_grapheme_10000_horizontal_G,251.0,train,0.9999999687500012,1.0,1.0,0.9999999687500012,1.0,1.0,0.9999999687500012,1.0,1.0,0.9999999687500012,1.0,1.0,0.9999999687500012,1.0,1.0,2244.4805446296978
0,rec_grapheme_10000_horizontal_G,251.0,eval,0.940573751217751,0.9675367558044444,0.98266870535992,0.9344262103601186,0.9663771799760076,0.983138173647637,0.963114734362403,0.9787763470391264,0.9870760693081168,0.8749999820696726,0.9355589721766148,0.9644811461003842,0.9460382319800908,0.9708967609398595,0.9842943161052246,444.5370525620076
0,rec_grapheme_10000_horizontal_G,271.0,train,0.9999999687500012,1.0,1.0,0.9999999687500012,1.0,1.0,0.9999999687500012,1.0,1.0,0.9999999687500012,1.0,1.0,0.9999999687500012,1.0,1.0,1973.337758985484
0,rec_grapheme_10000_horizontal_G,86.0,train,0.9999999687500012,1.0,1.0,0.9843749692382824,0.9947395834977214,0.9976909722943792,0.9968749688476573,0.9993750000195312,0.9993750000195312,0.9843749692382824,0.9932812502099608,0.9971354167561848,0.9937499689453136,0.9980381945057508,0.9990219907713036,1827.6827901647373
0,rec_grapheme_10000_horizontal_G,251.0,test,0.9426229315036284,0.9736371329888306,0.9857403073439892,0.9303278497883638,0.9698746102972612,0.9858885747535628,0.967213094934158,0.9888807574487744,0.9931536778226596,0.8790983426414275,0.9418805307251908,0.9711144185813356,0.9467212920753836,0.977464166911622,0.9882608533067372,331.73814232828494
0,rec_grapheme_10000_horizontal_G,271.0,eval,0.940573751217751,0.9673659907806216,0.9829289187295552,0.9282786695024864,0.9651736931414446,0.9814034178500688,0.963114734362403,0.9784348169914802,0.9873742304608238,0.8749999820696726,0.9356614311909088,0.9649121244938426,0.9439890516942134,0.9703248336378488,0.9839021890134828,464.1571388922211
0,rec_grapheme_10000_horizontal_G,86.0,eval,0.9262294892166087,0.9615860013075987,0.9781323189492792,0.895491784928447,0.9508952976494912,0.9735577136999732,0.9487704723612608,0.9743006770814004,0.9848035392133024,0.8442622777815108,0.9152997350169518,0.955287211428866,0.923497248835439,0.9622606586794968,0.9788311906208516,253.70709733178032
0,rec_grapheme_10000_horizontal_G,271.0,test,0.944672111789506,0.9731443539200838,0.9864033093253723,0.9323770300742412,0.9697436904456632,0.9873059244512946,0.967213094934158,0.9872869505597588,0.9924706177273672,0.8831967032131823,0.9424619449729696,0.9713651450052028,0.9480874122659684,0.976724998308502,0.9887266171680116,483.2667478274736
0,rec_grapheme_10000_horizontal_G,86.0,test,0.9344262103601186,0.9673895726172448,0.983020264464521,0.9241803089307314,0.9656168690366046,0.9838887265856786,0.9487704723612608,0.9813557120656357,0.989165365821813,0.8483606383532657,0.9271126088316112,0.9645781840028108,0.9357923305507038,0.9714540512398284,0.9853581189573376,386.6096030220098
0,rec_grapheme_10000_horizontal_G,256.0,train,0.9999999687500012,1.0,1.0,0.9999999687500012,1.0,1.0,0.9999999687500012,1.0,1.0,0.9999999687500012,1.0,1.0,0.9999999687500012,1.0,1.0,1704.8486401067871
0,rec_grapheme_10000_horizontal_G,256.0,eval,0.940573751217751,0.9670195817322944,0.9831305840910226,0.9364753906459962,0.9671659517527144,0.983509519810554,0.9651639146482804,0.9786625036899108,0.9871844915454648,0.8831967032131823,0.9382920257245648,0.966803821479972,0.947404352170676,0.9709493457249732,0.9846081984823472,446.4376453557991
0,rec_grapheme_10000_horizontal_G,276.0,train,0.9999999687500012,1.0,1.0,0.9999999687500012,1.0,1.0,0.9999999687500012,1.0,1.0,0.9999999687500012,1.0,1.0,0.9999999687500012,1.0,1.0,2046.9221925198444
0,rec_grapheme_10000_horizontal_G,91.0,train,0.9968749688476573,0.9995535714425224,0.9995535714425224,0.9937499689453136,0.9985937500439452,0.9990104166975912,0.9937499689453136,0.9989285714620536,0.9989285714620536,0.987499969140626,0.9945833335026042,0.9967361112131076,0.994791635579428,0.999025297649507,0.9991641865340556,2089.770798927513
0,rec_grapheme_10000_horizontal_G,276.0,eval,0.9426229315036284,0.9670277134000956,0.983271532999575,0.9323770300742412,0.9671659517527144,0.9830541464136924,0.9651639146482804,0.9797521471752584,0.98786213052889,0.87704916235555,0.9396922989199146,0.967800763952387,0.9467212920753832,0.9713152707760228,0.984729269980719,433.9986496728949
0,rec_grapheme_10000_horizontal_G,91.0,eval,0.9282786695024864,0.9618201933402706,0.9789579542866844,0.8913934243566922,0.9533795221627276,0.975659207715371,0.9467212920753834,0.9753642992297844,0.9850323101341067,0.8381147369238784,0.915707131573787,0.9571298473525957,0.9221311286448538,0.9635213382442608,0.9798831573787208,405.0772179219287
0,rec_grapheme_10000_horizontal_G,276.0,test,0.9467212920753834,0.9741689440630226,0.987655586166742,0.9344262103601186,0.970768280588602,0.987040289969792,0.963114734362403,0.9865355844549368,0.992402311717838,0.8893442440708147,0.9435206881206728,0.9717066750528492,0.9480874122659684,0.9771576030355206,0.9890327292847908,445.9572292731307
0,rec_grapheme_10000_horizontal_G,91.0,test,0.9262294892166087,0.9663308294695412,0.9824852007232086,0.9118852272154668,0.961609583144222,0.9834463638572988,0.9426229315036284,0.9773890845122586,0.9851759695985928,0.8422130974956333,0.9211537226669644,0.9616770759869712,0.9269125493119014,0.968443165708674,0.9837025113930334,382.7641581674208
0,rec_grapheme_10000_horizontal_G,116.0,eval,0.9241803089307314,0.9623975417541488,0.9791449826461096,0.9077868666437118,0.9579527721340668,0.9777712728989104,0.9487704723612608,0.9763758787042414,0.9842050484631414,0.8483606383532657,0.9203909722272212,0.9579210586296426,0.9269125493119014,0.9655753975308192,0.9803737680027204,469.8115849335154
0,rec_grapheme_10000_horizontal_G,116.0,test,0.9303278497883638,0.9691313758602405,0.9839082425884011,0.913934407501344,0.9622698745696716,0.9823556361495775,0.9549180132188932,0.982872268110541,0.989497951034878,0.8606557200685304,0.9345417005346972,0.96676506053012,0.9330600901695336,0.971424506180151,0.985253943257619,418.43035146001057
0,rec_grapheme_10000_horizontal_G,281.0,train,0.9999999687500012,1.0,1.0,0.9999999687500012,1.0,1.0,0.9999999687500012,1.0,1.0,0.9999999687500012,1.0,1.0,0.9999999687500012,1.0,1.0,2203.147780567625
0,rec_grapheme_10000_horizontal_G,96.0,train,0.9999999687500012,1.0,1.0,0.987499969140626,0.9962500001171876,0.9966666667708334,0.9968749688476573,0.9989583333658856,0.9989583333658856,0.9906249690429698,0.9954687501416016,0.9979687500634764,0.994791635579428,0.998402777827691,0.9985416667122397,2119.4708225631484
0,rec_grapheme_10000_horizontal_G,281.0,eval,0.9385245709318736,0.9667024466880516,0.9835100619217406,0.9344262103601186,0.967621325149576,0.9833577286782668,0.963114734362403,0.978093286943834,0.9869188570639622,0.8811475229273049,0.9400622898048646,0.9677533292235472,0.9453551718847985,0.9708056862604872,0.9845955492213232,472.08209356047456
0,rec_grapheme_10000_horizontal_G,96.0,eval,0.9241803089307314,0.9594343620074276,0.9788571216059506,0.9057376863578344,0.9588065972531824,0.9787367729224944,0.9549180132188932,0.9792691261078732,0.9866765333634894,0.8504098186391431,0.9240729914075596,0.9605912272799308,0.9282786695024864,0.9658366951228275,0.981423475963978,432.81011889135993
0,rec_grapheme_10000_horizontal_G,281.0,test,0.9467212920753834,0.9743884990936524,0.9870782377528636,0.9344262103601186,0.9703779605341492,0.987257134444488,0.9651639146482804,0.987901704645522,0.9928576851146996,0.8893442440708147,0.9445794312683762,0.9716139740399166,0.9487704723612608,0.9775560547577744,0.9890643524373504,433.9999968957901
0,rec_grapheme_10000_horizontal_G,121.0,train,0.9968749688476573,0.9993750000195312,0.9993750000195312,0.987499969140626,0.9966406251049804,0.9970572917586265,0.9968749688476573,0.999609375012207,0.999609375012207,0.9843749692382824,0.9909151788553292,0.9960342263144066,0.9937499689453136,0.9985416667122397,0.9986805555967884,2009.7699653406887
0,rec_grapheme_10000_horizontal_G,96.0,test,0.9364753906459962,0.9690175325110252,0.9832137981581872,0.9200819483589764,0.9658079632299305,0.9832731593331352,0.9467212920753834,0.9810393901881728,0.9875398454283728,0.8606557200685304,0.9274907313843624,0.9640788995998232,0.9344262103601184,0.971954961976376,0.9846756009732318,409.53001196084654
0,rec_grapheme_10000_horizontal_G,121.0,eval,0.9303278497883638,0.9649785331142182,0.9767846305390434,0.9077868666437118,0.9616738233198509,0.9789660859544854,0.9569671935047708,0.9792780709424544,0.9869782182389102,0.8565573594967755,0.931284154413576,0.9638135361739136,0.9316939699789488,0.9686434757921744,0.9809096449108128,459.66058378361794
0,rec_grapheme_10000_horizontal_G,121.0,test,0.9364753906459962,0.968249089903821,0.9842630543601226,0.9200819483589764,0.9638010676166188,0.9846474111915212,0.9467212920753834,0.9817086264482034,0.9899167319266348,0.8504098186391431,0.928254294990886,0.965436888122607,0.9344262103601184,0.9712529279895477,0.9862757324927596,527.5617846546746
0,rec_grapheme_10000_horizontal_G,286.0,train,0.9999999687500012,1.0,1.0,0.9999999687500012,1.0,1.0,0.9999999687500012,1.0,1.0,0.9999999687500012,1.0,1.0,0.9999999687500012,1.0,1.0,2154.4273155317032
0,rec_grapheme_10000_horizontal_G,101.0,train,0.9999999687500012,1.0,1.0,0.987499969140626,0.996145833453776,0.9976736111838108,0.9968749688476573,0.998437500048828,0.9994791666829428,0.9843749692382824,0.9930208335514324,0.9971527778667536,0.994791635579428,0.998194444500868,0.9990509259555844,2128.323154886067
0,rec_grapheme_10000_horizontal_G,286.0,eval,0.9385245709318736,0.9661820199487812,0.9828920551688568,0.9282786695024864,0.9654013798398754,0.9821623735115048,0.9651639146482804,0.9791178770867728,0.988024763884912,0.87704916235555,0.9389523171500144,0.9670580716265532,0.9439890516942134,0.9702337589584764,0.9843597308550912,468.0379161346664
0,rec_grapheme_10000_horizontal_G,101.0,eval,0.922131128644854,0.959187159306274,0.974443252323513,0.9036885060719568,0.9560580935364104,0.9759828480938548,0.940573751217751,0.9730061155674652,0.9831598580951064,0.8422130974956333,0.9215318452197157,0.9575784443596228,0.922131128644854,0.9627504561367164,0.9778619861708248,363.074832228563
0,rec_grapheme_10000_horizontal_G,126.0,train,0.9999999687500012,1.0,1.0,0.9968749688476573,0.9993750000195312,0.9997916666731772,0.9999999687500012,1.0,1.0,0.9968749688476573,0.9993750000195312,0.9997916666731772,0.9989583021158864,0.9997916666731772,0.9999305555577256,1369.105448364837
0,rec_grapheme_10000_horizontal_G,286.0,test,0.9508196526471384,0.9753642992297844,0.988054037888996,0.9323770300742412,0.9689093813292704,0.9859707045983538,0.9610655540765256,0.9871161855359356,0.9920721660051132,0.8831967032131823,0.9427546850138092,0.9715586786988692,0.9480874122659684,0.9771299553649968,0.9886989694974876,458.13582163664313
0,rec_grapheme_10000_horizontal_G,101.0,test,0.9303278497883638,0.9684824687697128,0.9856614301663186,0.9262294892166087,0.9656908672135948,0.9838299075219172,0.9385245709318736,0.9782502281323951,0.9878244538014116,0.8483606383532657,0.9307474643387034,0.9653889112825804,0.9316939699789488,0.9708078547052342,0.9857719304965492,195.0916834219857
0,rec_grapheme_10000_horizontal_G,126.0,eval,0.9323770300742412,0.9656014188677824,0.981865838692358,0.9118852272154668,0.9618689833470772,0.98020752057212,0.9508196526471384,0.9751740182032388,0.9846826484186594,0.8545081792108981,0.929674084188958,0.963251095817671,0.9316939699789488,0.967548140139366,0.9822520025610458,439.22467488839015
0,rec_grapheme_10000_horizontal_G,126.0,test,0.9323770300742412,0.9710528889616408,0.9869605996253412,0.9262294892166087,0.9665983613401976,0.9845780209596184,0.9528688329330156,0.981964773983938,0.9901083682311472,0.8606557200685304,0.9313012309159584,0.9685645986145036,0.9371584507412886,0.9732053414285922,0.9872156629387024,445.1753820360659
0,rec_grapheme_10000_horizontal_G,291.0,train,0.9999999687500012,1.0,1.0,0.9999999687500012,1.0,1.0,0.9999999687500012,1.0,1.0,0.9999999687500012,1.0,1.0,0.9999999687500012,1.0,1.0,2146.1434929880907
0,rec_grapheme_10000_horizontal_G,106.0,train,0.9968749688476573,0.9994791666829428,0.9994791666829428,0.9937499689453136,0.998854166702474,0.9992708333561198,0.9937499689453136,0.9979910714913504,0.9982886905296688,0.987499969140626,0.9947619049255952,0.9970386905687314,0.994791635579428,0.9987748016255892,0.9990128968562436,2148.287416847289
0,rec_grapheme_10000_horizontal_G,291.0,eval,0.940573751217751,0.967385506783344,0.983098057419818,0.9323770300742412,0.9662552049589912,0.9824469818845434,0.963114734362403,0.978093286943834,0.9877970771864812,0.8790983426414275,0.9371080548927246,0.965813384341798,0.9453551718847985,0.9705779995620564,0.9844473721636144,503.2780899472989
0,rec_grapheme_10000_horizontal_G,106.0,eval,0.9364753906459962,0.9653542161666292,0.980881364777238,0.9098360469295892,0.9609045675458666,0.9787421940343618,0.9487704723612608,0.9755301852529268,0.9837561804005206,0.8627049003544078,0.929518769333957,0.9650961712417409,0.9316939699789488,0.9672629896551408,0.9811265797373736,211.0524706646252
0,rec_grapheme_10000_horizontal_G,131.0,train,0.9999999687500012,1.0,1.0,0.9999999687500012,1.0,1.0,0.9999999687500012,1.0,1.0,0.9999999687500012,1.0,1.0,0.9999999687500012,1.0,1.0,1675.7207056913692
0,rec_grapheme_10000_horizontal_G,291.0,test,0.9549180132188932,0.9765596543965462,0.9891355497065424,0.9344262103601186,0.970036430486503,0.9875986644921342,0.963114734362403,0.9872186445502296,0.9926299984162688,0.8893442440708147,0.9472287286379748,0.9731866385926496,0.9508196526471382,0.9779382431444263,0.9897880708716484,475.4860710477065
0,rec_grapheme_10000_horizontal_G,106.0,test,0.9303278497883638,0.9682832429085856,0.9848436554411212,0.9036885060719568,0.958913935268157,0.980760473982595,0.9467212920753834,0.9800717217198418,0.9882798271982732,0.8524589989250205,0.9255708446165224,0.9638989186858252,0.9269125493119014,0.9690896332988616,0.9846279855406632,420.03049757188097
0,rec_grapheme_10000_horizontal_G,131.0,eval,0.9303278497883638,0.9633278045505946,0.9816229728806984,0.9118852272154668,0.9607338025220434,0.9785009545562624,0.9467212920753834,0.9748617621596763,0.9839605563179216,0.8545081792108981,0.9262433335436736,0.9630120247843186,0.9296447896930712,0.9663077897441048,0.9813614945849608,377.8621955193332
0,rec_grapheme_10000_horizontal_G,131.0,test,0.9508196526471384,0.9749886161773736,0.9890824228102418,0.9282786695024864,0.9667691263640206,0.985636764107322,0.9487704723612608,0.9825738359022406,0.9897231982329684,0.8668032609261628,0.9333626087035376,0.967646262264166,0.9426229315036284,0.9747771928145448,0.988147461716844,452.0088472648442
0,rec_grapheme_10000_horizontal_G,296.0,train,0.9999999687500012,1.0,1.0,0.9999999687500012,1.0,1.0,0.9999999687500012,1.0,1.0,0.9999999687500012,1.0,1.0,0.9999999687500012,1.0,1.0,2033.9438885058607
0,rec_grapheme_10000_horizontal_G,111.0,train,0.9968749688476573,0.999218750024414,0.9997395833414714,0.9937499689453136,0.998854166702474,0.9992708333561198,0.9999999687500012,1.0,1.0,0.9906249690429698,0.9970312500927734,0.9986631944862197,0.9968749688476573,0.9993576389089626,0.9996701388991972,2278.1767813634315
0,rec_grapheme_10000_horizontal_G,296.0,eval,0.9385245709318736,0.9654875755185672,0.982270253637666,0.9344262103601186,0.9669382650542836,0.9826746685829744,0.9651639146482804,0.9791178770867728,0.9877970771864812,0.87704916235555,0.9374382006054494,0.96597764403138,0.9460382319800908,0.9705145725532076,0.9842473331357072,533.3292643539605
0,rec_grapheme_10000_horizontal_G,111.0,eval,0.9262294892166087,0.961255855594874,0.9783085050849696,0.9098360469295892,0.958943209272241,0.978017933488877,0.9549180132188932,0.9775013015279136,0.9858031922416512,0.8545081792108981,0.9266702461032312,0.960882883098397,0.9303278497883638,0.9659001221316762,0.9807098769384992,508.93292121733657
0,rec_grapheme_10000_horizontal_G,136.0,train,0.9999999687500012,1.0,1.0,0.9968749688476573,0.9989583333658856,0.9989583333658856,0.9999999687500012,1.0,1.0,0.9968749688476573,0.9968750000976564,0.9989583333658856,0.9989583021158864,0.9996527777886284,0.9996527777886284,2394.386671985237
0,rec_grapheme_10000_horizontal_G,296.0,test,0.9487704723612608,0.9748520041583152,0.9878832728651727,0.9323770300742412,0.9697436904456632,0.986622864356002,0.963114734362403,0.9872186445502296,0.9921746250194072,0.8852458834990599,0.9439988301873776,0.9720482051004954,0.9480874122659684,0.977271446384736,0.9888935874135272,461.851049407213
0,rec_grapheme_10000_horizontal_G,111.0,test,0.9323770300742412,0.968670310295918,0.9841302371193712,0.9241803089307314,0.9643784160304968,0.9841947483505934,0.9487704723612608,0.9815516852596422,0.9891905739919964,0.8627049003544078,0.934238389325716,0.9682130395099028,0.9351092704554111,0.9715334705286855,0.9858385198206536,583.9287285476737
0,rec_grapheme_10000_horizontal_G,136.0,eval,0.9323770300742412,0.9646451347343732,0.9804357493817376,0.9036885060719568,0.9578503131197732,0.97786614235659,0.944672111789506,0.9740811220507708,0.984128610785811,0.8463114580673882,0.9158876545989716,0.9560442697011484,0.9269125493119014,0.9655255233016388,0.9808101675080462,425.3044930051405
0,rec_grapheme_10000_horizontal_G,136.0,test,0.9364753906459962,0.9698461494599572,0.9862298337456156,0.9159835877872216,0.9645833340590848,0.985173801153846,0.9528688329330156,0.9828925972800436,0.990429026998104,0.8586065397826529,0.9348799779152228,0.967764984614062,0.9351092704554111,0.9724406935996952,0.9872775539658551,556.3661233934336
0,rec_grapheme_10000_horizontal_G,116.0,train,0.9999999687500012,1.0,1.0,0.9937499689453136,0.998854166702474,0.9992708333561198,0.9999999687500012,1.0,1.0,0.987499969140626,0.9946875001660156,0.9968402778765192,0.9979166354817718,0.9996180555674912,0.99975694445204,2400.230963997142
0,rec_grapheme_10000_horizontal_G,141.0,train,0.9999999687500012,1.0,1.0,0.9999999687500012,1.0,1.0,0.9999999687500012,1.0,1.0,0.9999999687500012,1.0,1.0,0.9999999687500012,1.0,1.0,2183.7449957030485
0,rec_grapheme_10000_horizontal_G,141.0,eval,0.9303278497883638,0.9667967740345444,0.982117920394192,0.9180327680730992,0.9641084446595004,0.9799727864282616,0.9528688329330156,0.976343352033037,0.9849195510072648,0.8606557200685304,0.9287381292250514,0.9628155094791252,0.933743150264826,0.9690828569090272,0.9823367526099062,256.95404225454274
0,rec_grapheme_10000_horizontal_G,141.0,test,0.9303278497883638,0.9693484913905299,0.9863523508738188,0.9200819483589765,0.9671846545886569,0.9861243931197946,0.9569671935047707,0.9848474502194284,0.990600334133114,0.8606557200685304,0.9356963973624535,0.9710024726212738,0.9357923305507035,0.973793532066205,0.9876923593755759,259.2919025125691
