,work_id,version,task,first_acc,first_C_NED,first_G_NED,character_acc,character_C_NED,character_G_NED,grapheme_acc,grapheme_C_NED,grapheme_G_NED,fps
0,rec_grapheme_10000_horizontal_C+F,31.0,test,0.7930327706345744,0.9073046792349092,0.9579885514723918,0.3340163865980249,0.6462553741497239,0.8080489999434837,0.7930327706345744,0.9073046792349092,0.9579885514723918,504.2711459626908
0,rec_grapheme_10000_horizontal_C+F,201.0,train,0.9999999687500012,1.0,1.0,0.9999999687500012,1.0,1.0,0.9999999687500012,1.0,1.0,2406.5454554321823
0,rec_grapheme_10000_horizontal_C+F,201.0,eval,0.9323770300742412,0.9653233158289848,0.9816809787776796,0.8545081792108981,0.93227296521819,0.9629469714419098,0.9323770300742412,0.9653233158289848,0.9816809787776796,521.7634475589858
0,rec_grapheme_10000_horizontal_C+F,36.0,train,0.9062499716796883,0.9580208346451824,0.9804861117209202,0.6156249807617195,0.8281733684648204,0.9105096754156204,0.9062499716796883,0.9580208346451824,0.9804861117209202,1997.5154309265272
0,rec_grapheme_10000_horizontal_C+F,201.0,test,0.9385245709318736,0.9705999550651192,0.9855475868171032,0.8483606383532657,0.9311109498894126,0.9658499768469028,0.9385245709318736,0.9705999550651192,0.9855475868171032,482.96580771616107
0,rec_grapheme_10000_horizontal_C+F,36.0,eval,0.8176229340651039,0.9107037163757696,0.956020416808932,0.5163934320411182,0.76535665976533,0.8817915715089547,0.8176229340651039,0.9107037163757696,0.956020416808932,459.70129034740006
0,rec_grapheme_10000_horizontal_C+F,36.0,test,0.836065556638001,0.9296033386790884,0.9681612678915692,0.4754098263235691,0.7505643428683472,0.8698616016779595,0.836065556638001,0.9296033386790884,0.9681612678915692,463.5927558768613
0,rec_grapheme_10000_horizontal_C+F,206.0,train,0.9999999687500012,1.0,1.0,0.9999999687500012,1.0,1.0,0.9999999687500012,1.0,1.0,2199.640250630158
0,rec_grapheme_10000_horizontal_C+F,206.0,eval,0.9364753906459962,0.9651492981380412,0.9810971250295606,0.8504098186391431,0.926749123280902,0.9592690180954718,0.9364753906459962,0.9651492981380412,0.9810971250295606,450.9702199519323
0,rec_grapheme_10000_horizontal_C+F,41.0,train,0.924999971093751,0.9649479177620442,0.9847048615890842,0.7312499771484383,0.8809970275283667,0.9372941487849548,0.924999971093751,0.9649479177620442,0.9847048615890842,2220.7690258531543
0,rec_grapheme_10000_horizontal_C+F,206.0,test,0.9467212920753834,0.9720628421025374,0.9877504556244214,0.8504098186391431,0.9362143846013836,0.9671461646943984,0.9467212920753834,0.9720628421025374,0.9877504556244214,440.1290993758154
0,rec_grapheme_10000_horizontal_C+F,41.0,eval,0.836065556638001,0.9188199340080484,0.9619492158027148,0.6004098237620938,0.8104776580600792,0.8982441039153292,0.836065556638001,0.9188199340080484,0.9619492158027148,454.71407506921855
0,rec_grapheme_10000_horizontal_C+F,41.0,test,0.8483606383532657,0.9342652238294598,0.97097319861719,0.5614753983304221,0.7935719207015902,0.8905111588920753,0.8483606383532657,0.9342652238294598,0.97097319861719,530.295720214308
0,rec_grapheme_10000_horizontal_C+F,211.0,train,0.9968749688476573,0.998437500048828,0.998437500048828,0.9999999687500012,1.0,1.0,0.9968749688476573,0.998437500048828,0.998437500048828,2054.8241633530497
0,rec_grapheme_10000_horizontal_C+F,211.0,eval,0.9303278497883638,0.962916342159859,0.980301305807426,0.8545081792108981,0.9334805178866534,0.9630136511178788,0.9303278497883638,0.962916342159859,0.980301305807426,486.9753972178467
0,rec_grapheme_10000_horizontal_C+F,46.0,train,0.9531249702148448,0.9781770840152996,0.990572916961263,0.7874999753906259,0.9134003003252884,0.9510813507350572,0.9531249702148448,0.9781770840152996,0.990572916961263,2246.5862091083254
0,rec_grapheme_10000_horizontal_C+F,211.0,test,0.9282786695024864,0.967791277006619,0.9813082773367958,0.8504098186391431,0.9331780198444524,0.9637254431060686,0.9282786695024864,0.967791277006619,0.9813082773367958,542.6209928649347
0,rec_grapheme_10000_horizontal_C+F,46.0,eval,0.8565573594967755,0.9315980367906986,0.9611138224639484,0.6700819534819272,0.8412909868587912,0.913376324526398,0.8565573594967755,0.9315980367906986,0.9611138224639484,565.2990314867877
0,rec_grapheme_10000_horizontal_C+F,46.0,test,0.8586065397826529,0.940463994194239,0.9694062262319176,0.6209016266208683,0.8258855422096053,0.9093760860794432,0.8586065397826529,0.940463994194239,0.9694062262319176,552.342220868463
0,rec_grapheme_10000_horizontal_C+F,216.0,train,0.9999999687500012,1.0,1.0,0.9999999687500012,1.0,1.0,0.9999999687500012,1.0,1.0,2058.127206865864
0,rec_grapheme_10000_horizontal_C+F,216.0,eval,0.9364753906459962,0.965331447496786,0.9820740093880662,0.8606557200685304,0.9327145147797896,0.966431662150275,0.9364753906459962,0.965331447496786,0.9820740093880662,536.3428417102803
0,rec_grapheme_10000_horizontal_C+F,51.0,train,0.9468749704101572,0.976562500732422,0.9896180558799912,0.8531249733398446,0.942492561320917,0.964893354271686,0.9468749704101572,0.976562500732422,0.9896180558799912,2226.910157802368
0,rec_grapheme_10000_horizontal_C+F,216.0,test,0.9385245709318736,0.9703210388595416,0.987192623213266,0.8463114580673882,0.9290731539384568,0.9636338263155094,0.9385245709318736,0.9703210388595416,0.987192623213266,470.184303596425
0,rec_grapheme_10000_horizontal_C+F,51.0,eval,0.8790983426414275,0.9395979715734216,0.9698141648999395,0.7131147394853538,0.8600800184800153,0.9232817801305124,0.8790983426414275,0.9395979715734216,0.9698141648999395,538.2197509765593
0,rec_grapheme_10000_horizontal_C+F,51.0,test,0.8893442440708147,0.9515173702362756,0.9769288321147164,0.678278674625437,0.8495861011826944,0.9249433509178708,0.8893442440708147,0.9515173702362756,0.9769288321147164,490.0179227947082
0,rec_grapheme_10000_horizontal_C+F,221.0,train,0.9999999687500012,1.0,1.0,0.9999999687500012,1.0,1.0,0.9999999687500012,1.0,1.0,2062.182666322257
0,rec_grapheme_10000_horizontal_C+F,221.0,eval,0.9303278497883638,0.9646451347343732,0.9786142557942912,0.8524589989250205,0.9328023367920416,0.96698542872753,0.9303278497883638,0.9646451347343732,0.9786142557942912,486.5577006443928
0,rec_grapheme_10000_horizontal_C+F,56.0,train,0.9562499701171884,0.9789583339908854,0.9886805559092882,0.8624999730468759,0.9471540195085796,0.9677666180707852,0.9562499701171884,0.9789583339908854,0.9886805559092882,2194.2761480008894
0,rec_grapheme_10000_horizontal_C+F,221.0,test,0.9385245709318736,0.9717326963898126,0.9842251065770508,0.8545081792108981,0.9334675072181716,0.9648709240436504,0.9385245709318736,0.9717326963898126,0.9842251065770508,547.8378366022932
0,rec_grapheme_10000_horizontal_C+F,56.0,eval,0.8893442440708147,0.945316160371156,0.9728358926548288,0.7254098212006185,0.8684133516425835,0.93114130811587,0.8893442440708147,0.945316160371156,0.9728358926548288,435.0761743041516
0,rec_grapheme_10000_horizontal_C+F,56.0,test,0.8913934243566922,0.9514206033894425,0.9757960907900228,0.7274590014864959,0.8702088238930665,0.9348553118562264,0.8913934243566922,0.9514206033894425,0.9757960907900228,499.4198267207868
0,rec_grapheme_10000_horizontal_C+F,226.0,train,0.9999999687500012,1.0,1.0,0.9968749688476573,0.998437500048828,0.998437500048828,0.9999999687500012,1.0,1.0,2581.393710016762
0,rec_grapheme_10000_horizontal_C+F,226.0,eval,0.9385245709318736,0.9665837243381556,0.982727253368088,0.8627049003544078,0.9308897685252226,0.9683542594740486,0.9385245709318736,0.9665837243381556,0.982727253368088,460.5987129647932
0,rec_grapheme_10000_horizontal_C+F,61.0,train,0.962499969921876,0.9809895839274088,0.9888715281255426,0.8906249721679697,0.9521875014941406,0.9718750008789062,0.962499969921876,0.9809895839274088,0.9888715281255426,2197.2123644481026
0,rec_grapheme_10000_horizontal_C+F,226.0,test,0.9364753906459962,0.9679701736982432,0.984196645739747,0.8463114580673882,0.9297057976933824,0.964848697484994,0.9364753906459962,0.9679701736982432,0.984196645739747,522.9143041230687
0,rec_grapheme_10000_horizontal_C+F,61.0,eval,0.8831967032131823,0.94637978251954,0.9724585832688576,0.7540983452029028,0.8821078933864177,0.936413068351324,0.8831967032131823,0.94637978251954,0.9724585832688576,454.0567692207764
0,rec_grapheme_10000_horizontal_C+F,61.0,test,0.9016393257860794,0.9572095376970464,0.9764051527083252,0.7151639197712312,0.8694257442838206,0.9332734314133188,0.9016393257860794,0.9572095376970464,0.9764051527083252,375.31346559146647
0,rec_grapheme_10000_horizontal_C+F,231.0,train,0.9999999687500012,1.0,1.0,0.9999999687500012,1.0,1.0,0.9999999687500012,1.0,1.0,2384.71392045503
0,rec_grapheme_10000_horizontal_C+F,231.0,eval,0.9344262103601186,0.9664755731564008,0.9831818135981696,0.8668032609261628,0.9378911345019708,0.9652842838235396,0.9344262103601186,0.9664755731564008,0.9831818135981696,409.493707590354
0,rec_grapheme_10000_horizontal_C+F,66.0,train,0.9718749696289072,0.987500000390625,0.9905208336295572,0.9218749711914072,0.9679389890971448,0.98217757992203,0.9718749696289072,0.987500000390625,0.9905208336295572,2087.8197068876752
0,rec_grapheme_10000_horizontal_C+F,231.0,test,0.9364753906459962,0.968943534334035,0.9834244083542356,0.8545081792108981,0.9345896773747236,0.9648817662673852,0.9364753906459962,0.968943534334035,0.9834244083542356,431.5269638506617
0,rec_grapheme_10000_horizontal_C+F,66.0,eval,0.8872950637849373,0.9471653016291264,0.9748368250450864,0.7499999846311479,0.8783323600263665,0.9356744418593904,0.8872950637849373,0.9471653016291264,0.9748368250450864,364.4805156095673
0,rec_grapheme_10000_horizontal_C+F,66.0,test,0.8852458834990599,0.9532307126419676,0.9759896244836892,0.7438524437735156,0.8818549985178035,0.9385248624792698,0.8852458834990599,0.9532307126419676,0.9759896244836892,446.9989245733862
0,rec_grapheme_10000_horizontal_C+F,236.0,train,0.9999999687500012,1.0,1.0,0.9999999687500012,1.0,1.0,0.9999999687500012,1.0,1.0,2374.405212217252
0,rec_grapheme_10000_horizontal_C+F,236.0,eval,0.9323770300742412,0.9660519132639636,0.983130041979836,0.8606557200685304,0.9360013349049948,0.9688828178811202,0.9323770300742412,0.9660519132639636,0.983130041979836,417.9864240993065
0,rec_grapheme_10000_horizontal_C+F,71.0,train,0.9687499697265636,0.98963541699056,0.9942534724018012,0.9406249706054698,0.978072917351888,0.9851562504638672,0.9687499697265636,0.98963541699056,0.9942534724018012,2169.8391711649588
0,rec_grapheme_10000_horizontal_C+F,236.0,test,0.9282786695024864,0.9662795999623944,0.9831511843161188,0.8401639172097558,0.9308718788560604,0.9639412033583912,0.9282786695024864,0.9662795999623944,0.9831511843161188,497.0569228765541
0,rec_grapheme_10000_horizontal_C+F,71.0,eval,0.8872950637849373,0.9453551923766011,0.97476472425725,0.7725409677757998,0.8886831599703879,0.9433710654331326,0.8872950637849373,0.9453551923766011,0.97476472425725,391.0207119678346
0,rec_grapheme_10000_horizontal_C+F,71.0,test,0.895491784928447,0.9548472882008264,0.978494178166428,0.7561475254887803,0.8870714634122098,0.9439915116863566,0.895491784928447,0.9548472882008264,0.978494178166428,445.2453231133194
0,rec_grapheme_10000_horizontal_C+F,241.0,train,0.9999999687500012,1.0,1.0,0.9999999687500012,1.0,1.0,0.9999999687500012,1.0,1.0,2107.396978699637
0,rec_grapheme_10000_horizontal_C+F,241.0,eval,0.9385245709318736,0.9682547820712818,0.9819561002049504,0.8586065397826529,0.9307677935082062,0.96243142370332,0.9385245709318736,0.9682547820712818,0.9819561002049504,409.36177862901854
0,rec_grapheme_10000_horizontal_C+F,76.0,train,0.9781249694335948,0.9908854169514972,0.9935590279790582,0.9562499701171884,0.9845709330218408,0.9895213296925378,0.9781249694335948,0.9908854169514972,0.9935590279790582,2211.317630197113
0,rec_grapheme_10000_horizontal_C+F,241.0,test,0.9344262103601186,0.9685109296070163,0.988228597691126,0.8463114580673882,0.9307385195041222,0.9642783965165432,0.9344262103601186,0.9685109296070163,0.988228597691126,446.22011717482496
0,rec_grapheme_10000_horizontal_C+F,76.0,eval,0.8831967032131823,0.9432718590859592,0.9748997099427482,0.7622950663464126,0.89239120048769,0.9411822915166695,0.8831967032131823,0.9432718590859592,0.9748997099427482,495.84532071324674
0,rec_grapheme_10000_horizontal_C+F,76.0,test,0.899590145500202,0.958441485368913,0.979426609407621,0.7643442466322901,0.8911275393113989,0.946841932306236,0.899590145500202,0.958441485368913,0.979426609407621,500.8675581956605
0,rec_grapheme_10000_horizontal_C+F,246.0,train,0.9999999687500012,1.0,1.0,0.9999999687500012,1.0,1.0,0.9999999687500012,1.0,1.0,2266.832793542589
0,rec_grapheme_10000_horizontal_C+F,81.0,train,0.9843749692382824,0.9943750001757812,0.9968750000976564,0.9687499697265636,0.9903348217306084,0.9934970240127418,0.9843749692382824,0.9943750001757812,0.9968750000976564,2305.6356447203725
0,rec_grapheme_10000_horizontal_C+F,246.0,eval,0.9344262103601186,0.9663397743041224,0.983133836758143,0.8586065397826529,0.9332349415190602,0.9614079177827548,0.9344262103601186,0.9663397743041224,0.983133836758143,500.6321903219319
0,rec_grapheme_10000_horizontal_C+F,81.0,eval,0.9057376863578344,0.9519011849564876,0.9782857364151266,0.7889344100628195,0.8968091356040282,0.9465605766003178,0.9057376863578344,0.9519011849564876,0.9782857364151266,550.441686282003
0,rec_grapheme_10000_horizontal_C+F,246.0,test,0.9364753906459962,0.9704234978738354,0.9872950822275598,0.8504098186391431,0.9343245850044076,0.9657448072766752,0.9364753906459962,0.9704234978738354,0.9872950822275598,497.7473048652163
0,rec_grapheme_10000_horizontal_C+F,81.0,test,0.895491784928447,0.9536543725344048,0.9769049792224996,0.7499999846311479,0.8830901988567907,0.9388907875303194,0.895491784928447,0.9536543725344048,0.9769049792224996,516.0096570716004
0,rec_grapheme_10000_horizontal_C+F,251.0,train,0.9999999687500012,1.0,1.0,0.9999999687500012,1.0,1.0,0.9999999687500012,1.0,1.0,2436.147213883987
0,rec_grapheme_10000_horizontal_C+F,86.0,train,0.9906249690429698,0.9969791667610676,0.9973958334147136,0.9718749696289072,0.9890104170100912,0.9938715279692926,0.9906249690429698,0.9969791667610676,0.9973958334147136,2398.6366391783235
0,rec_grapheme_10000_horizontal_C+F,251.0,eval,0.9364753906459962,0.9663479059719235,0.9840581363315348,0.8606557200685304,0.9314589852712998,0.9627011240187232,0.9364753906459962,0.9663479059719235,0.9840581363315348,435.4574551837847
0,rec_grapheme_10000_horizontal_C+F,86.0,eval,0.9057376863578344,0.9529794441069136,0.9751431178655944,0.7786885086334322,0.8950697718613727,0.9403704800145264,0.9057376863578344,0.9529794441069136,0.9751431178655944,454.1742289207885
0,rec_grapheme_10000_horizontal_C+F,251.0,test,0.9344262103601186,0.9685450826117812,0.9853787191824336,0.8463114580673882,0.9310117435422391,0.9656271691491528,0.9344262103601186,0.9685450826117812,0.9853787191824336,446.4773742646272
0,rec_grapheme_10000_horizontal_C+F,86.0,test,0.8975409652143246,0.952931467266887,0.9749184127786908,0.7622950663464126,0.8887734214829802,0.943355886319904,0.8975409652143246,0.952931467266887,0.9749184127786908,496.3952411526092
0,rec_grapheme_10000_horizontal_C+F,256.0,train,0.9999999687500012,1.0,1.0,0.9999999687500012,1.0,1.0,0.9999999687500012,1.0,1.0,2319.9490300886337
0,rec_grapheme_10000_horizontal_C+F,91.0,train,0.987499969140626,0.9971875000878906,0.9978819445106336,0.9656249698242196,0.9902083336393228,0.9927777780034722,0.987499969140626,0.9971875000878906,0.9978819445106336,2337.0298567495897
0,rec_grapheme_10000_horizontal_C+F,256.0,eval,0.9344262103601186,0.9671252934137088,0.9825337196744218,0.8483606383532657,0.9290113532631684,0.9663427559156496,0.9344262103601186,0.9671252934137088,0.9825337196744218,375.8090419158887
0,rec_grapheme_10000_horizontal_C+F,91.0,eval,0.9077868666437118,0.9558401648393408,0.9792192518786932,0.7807376889193097,0.895382027904935,0.9441769137122218,0.9077868666437118,0.9558401648393408,0.9792192518786932,537.7317646310709
0,rec_grapheme_10000_horizontal_C+F,256.0,test,0.940573751217751,0.9695355197499552,0.9871470858735798,0.8545081792108981,0.9358728545537374,0.9663595613624384,0.940573751217751,0.9695355197499552,0.9871470858735798,402.05321767360726
0,rec_grapheme_10000_horizontal_C+F,91.0,test,0.9098360469295892,0.9575193542402682,0.9799844418187766,0.7766393283475548,0.899119342426321,0.9469053593150843,0.9098360469295892,0.9575193542402682,0.9799844418187766,529.3727576807127
0,rec_grapheme_10000_horizontal_C+F,261.0,train,0.9999999687500012,1.0,1.0,0.9999999687500012,1.0,1.0,0.9999999687500012,1.0,1.0,2110.012659032595
0,rec_grapheme_10000_horizontal_C+F,96.0,train,0.9906249690429698,0.996562500107422,0.996562500107422,0.974999969531251,0.9951785715792412,0.9958556548914156,0.9906249690429698,0.996562500107422,0.996562500107422,2238.0354951568106
0,rec_grapheme_10000_horizontal_C+F,261.0,eval,0.9385245709318736,0.9663934433116098,0.9836369159394378,0.8504098186391431,0.9308214625156934,0.9621836788909798,0.9385245709318736,0.9663934433116098,0.9836369159394378,469.3675914761235
0,rec_grapheme_10000_horizontal_C+F,96.0,eval,0.9159835877872216,0.9590781949577392,0.9796751673867414,0.7766393283475548,0.892952285565966,0.9418699595570494,0.9159835877872216,0.9590781949577392,0.9796751673867414,450.41653529575
0,rec_grapheme_10000_horizontal_C+F,261.0,test,0.9508196526471384,0.9742486344074732,0.9903233153166898,0.8606557200685304,0.9377854228205564,0.9681013646054344,0.9508196526471384,0.9742486344074732,0.9903233153166898,449.44722747914494
0,rec_grapheme_10000_horizontal_C+F,96.0,test,0.9118852272154668,0.960177596444448,0.98156117220541,0.7766393283475548,0.8978581207503702,0.9472428235288302,0.9118852272154668,0.960177596444448,0.98156117220541,524.5653639361813
0,rec_grapheme_10000_horizontal_C+F,266.0,train,0.9999999687500012,1.0,1.0,0.9999999687500012,1.0,1.0,0.9999999687500012,1.0,1.0,2104.6940395473403
0,rec_grapheme_10000_horizontal_C+F,101.0,train,0.9906249690429698,0.9984077381449964,0.9984077381449964,0.9906249690429698,0.9981250000585936,0.9989583333658856,0.9906249690429698,0.9984077381449964,0.9984077381449964,2247.997703928432
0,rec_grapheme_10000_horizontal_C+F,266.0,eval,0.9385245709318736,0.9682181895661768,0.9824182499916462,0.8586065397826529,0.932768183787277,0.965353402999849,0.9385245709318736,0.9682181895661768,0.9824182499916462,355.4977247336694
0,rec_grapheme_10000_horizontal_C+F,101.0,eval,0.9200819483589764,0.9592522126486828,0.981238073938113,0.7991803114922068,0.90516767693678,0.9473902777716235,0.9200819483589764,0.9592522126486828,0.981238073938113,437.0934785981967
0,rec_grapheme_10000_horizontal_C+F,266.0,test,0.944672111789506,0.9719433065858613,0.9892702643364472,0.8483606383532657,0.9323209420582164,0.9660635686544784,0.944672111789506,0.9719433065858613,0.9892702643364472,315.14775556525325
0,rec_grapheme_10000_horizontal_C+F,101.0,test,0.9241803089307314,0.9650330152884856,0.9842535674143548,0.7766393283475548,0.9024029098844056,0.9516379899753252,0.9241803089307314,0.9650330152884856,0.9842535674143548,528.8613950211195
0,rec_grapheme_10000_horizontal_C+F,271.0,train,0.9999999687500012,1.0,1.0,0.9999999687500012,1.0,1.0,0.9999999687500012,1.0,1.0,2300.900476124059
0,rec_grapheme_10000_horizontal_C+F,106.0,train,0.9999999687500012,1.0,1.0,0.9843749692382824,0.9968229167659504,0.997586805630968,0.9999999687500012,1.0,1.0,2273.119277813953
0,rec_grapheme_10000_horizontal_C+F,271.0,eval,0.940573751217751,0.9689378421665744,0.983207021768353,0.8606557200685304,0.9311629925633396,0.9632814540441283,0.940573751217751,0.9689378421665744,0.983207021768353,474.7870574776711
0,rec_grapheme_10000_horizontal_C+F,106.0,eval,0.9118852272154668,0.95657201494144,0.9779561328135886,0.7909835903486969,0.898572894350087,0.9476393778619304,0.9118852272154668,0.95657201494144,0.9779561328135886,528.5781383879586
0,rec_grapheme_10000_horizontal_C+F,271.0,test,0.944672111789506,0.9712943994953334,0.9889173499538796,0.8524589989250205,0.9334479912154492,0.9659611096401846,0.944672111789506,0.9712943994953334,0.9889173499538796,435.1611265976021
0,rec_grapheme_10000_horizontal_C+F,106.0,test,0.9200819483589764,0.9633481337200974,0.9831986190449584,0.809426212921594,0.9158226012565626,0.9551473467426872,0.9200819483589764,0.9633481337200974,0.9831986190449584,522.15714197325
0,rec_grapheme_10000_horizontal_C+F,276.0,train,0.9999999687500012,1.0,1.0,0.9999999687500012,1.0,1.0,0.9999999687500012,1.0,1.0,2230.55019374639
0,rec_grapheme_10000_horizontal_C+F,111.0,train,0.9968749688476573,0.999218750024414,0.9997395833414714,0.9812499693359386,0.9952083334830728,0.9966666667708334,0.9968749688476573,0.999218750024414,0.9997395833414714,2600.4589688213214
0,rec_grapheme_10000_horizontal_C+F,276.0,eval,0.9385245709318736,0.9684743371019116,0.983540420148198,0.8524589989250205,0.9296944133584608,0.9626097782837576,0.9385245709318736,0.9684743371019116,0.983540420148198,438.507401393169
0,rec_grapheme_10000_horizontal_C+F,111.0,eval,0.9159835877872216,0.9567622959679858,0.9781740615106582,0.7930327706345744,0.8982655173072054,0.9485100084278352,0.9159835877872216,0.9567622959679858,0.9781740615106582,510.5980990668687
0,rec_grapheme_10000_horizontal_C+F,276.0,test,0.940573751217751,0.9706284159024232,0.9866955072550252,0.8524589989250205,0.9359753135680312,0.9669477520000516,0.940573751217751,0.9706284159024232,0.9866955072550252,536.2733747549131
0,rec_grapheme_10000_horizontal_C+F,111.0,test,0.9241803089307314,0.9659266855798264,0.9847905285448206,0.7991803114922068,0.9062719574241694,0.9503125281237458,0.9241803089307314,0.9659266855798264,0.9847905285448206,461.4955332582788
0,rec_grapheme_10000_horizontal_C+F,281.0,train,0.9999999687500012,1.0,1.0,0.9999999687500012,1.0,1.0,0.9999999687500012,1.0,1.0,2398.563939627363
0,rec_grapheme_10000_horizontal_C+F,116.0,train,0.9968749688476573,0.999218750024414,0.9997395833414714,0.9906249690429698,0.9971875000878906,0.998645833375651,0.9968749688476573,0.999218750024414,0.9997395833414714,2342.126420149762
0,rec_grapheme_10000_horizontal_C+F,281.0,eval,0.940573751217751,0.969157397197204,0.983919897978916,0.8586065397826529,0.9320851236919844,0.9641959956161588,0.940573751217751,0.969157397197204,0.983919897978916,513.169100943715
0,rec_grapheme_10000_horizontal_C+F,116.0,eval,0.9200819483589764,0.9602296391183752,0.9805631455106216,0.8114753932074715,0.9036698237278172,0.9492125845258502,0.9200819483589764,0.9602296391183752,0.9805631455106216,429.4001702119644
0,rec_grapheme_10000_horizontal_C+F,281.0,test,0.9426229315036284,0.9713683976723234,0.9870939589772793,0.8524589989250205,0.9351214884489156,0.9666176062873268,0.9426229315036284,0.9713683976723234,0.9870939589772793,497.6751923457076
0,rec_grapheme_10000_horizontal_C+F,116.0,test,0.9180327680730992,0.9640824233225368,0.9828058594901652,0.7950819509204519,0.9083967622205972,0.952086858037946,0.9180327680730992,0.9640824233225368,0.9828058594901652,471.96421793804393
0,rec_grapheme_10000_horizontal_C+F,286.0,train,0.9999999687500012,1.0,1.0,0.9999999687500012,1.0,1.0,0.9999999687500012,1.0,1.0,2342.599306458786
0,rec_grapheme_10000_horizontal_C+F,121.0,train,0.9937499689453136,0.9976562500732422,0.999218750024414,0.987499969140626,0.9967708334342448,0.9971875000878906,0.9937499689453136,0.9976562500732422,0.999218750024414,2039.1763058956008
0,rec_grapheme_10000_horizontal_C+F,286.0,eval,0.9364753906459962,0.9674863394640776,0.9828573600529056,0.8565573594967755,0.9317435936443385,0.9612170946450224,0.9364753906459962,0.9674863394640776,0.9828573600529056,470.0802283837047
0,rec_grapheme_10000_horizontal_C+F,121.0,eval,0.9200819483589764,0.9567135059611792,0.9785291443379728,0.7991803114922068,0.9023549330443792,0.944439295526604,0.9200819483589764,0.9567135059611792,0.9785291443379728,390.9551066184257
0,rec_grapheme_10000_horizontal_C+F,286.0,test,0.9385245709318736,0.9702015033428654,0.9874829237537652,0.8545081792108981,0.93699990371097,0.9675852747556578,0.9385245709318736,0.9702015033428654,0.9874829237537652,528.8607948627811
0,rec_grapheme_10000_horizontal_C+F,121.0,test,0.9262294892166087,0.9668886618806968,0.9834756378613828,0.809426212921594,0.914718320769173,0.9566281234492676,0.9262294892166087,0.9668886618806968,0.9834756378613828,504.7192765685234
0,rec_grapheme_10000_horizontal_C+F,291.0,train,0.9999999687500012,1.0,1.0,0.9999999687500012,1.0,1.0,0.9999999687500012,1.0,1.0,2209.441041132844
0,rec_grapheme_10000_horizontal_C+F,126.0,train,0.9999999687500012,1.0,1.0,0.9937499689453136,0.9989285714620536,0.9993452381156994,0.9999999687500012,1.0,1.0,2315.047129651733
0,rec_grapheme_10000_horizontal_C+F,291.0,eval,0.9364753906459962,0.9674863394640776,0.9828573600529056,0.8565573594967755,0.9305482384775764,0.9625452670525354,0.9364753906459962,0.9674863394640776,0.9828573600529056,497.2651804565948
0,rec_grapheme_10000_horizontal_C+F,126.0,eval,0.922131128644854,0.960576048166702,0.978727014921133,0.8114753932074715,0.9060946870661056,0.947196473022364,0.922131128644854,0.960576048166702,0.978727014921133,467.6339171235263
0,rec_grapheme_10000_horizontal_C+F,291.0,test,0.9426229315036284,0.970856102600854,0.9867714028211688,0.8524589989250205,0.9355654775108556,0.9666897070751632,0.9426229315036284,0.970856102600854,0.9867714028211688,491.5052740412035
0,rec_grapheme_10000_horizontal_C+F,126.0,test,0.9303278497883638,0.9664503649862176,0.9836786585008168,0.8114753932074715,0.9147345841047752,0.9571469238549778,0.9303278497883638,0.9664503649862176,0.9836786585008168,428.6181734422738
0,rec_grapheme_10000_horizontal_C+F,296.0,train,0.9999999687500012,1.0,1.0,0.9999999687500012,1.0,1.0,0.9999999687500012,1.0,1.0,2280.0438661908584
0,rec_grapheme_10000_horizontal_C+F,131.0,train,0.9999999687500012,1.0,1.0,0.9781249694335948,0.9939322918562824,0.9949565973798286,0.9999999687500012,1.0,1.0,2245.2153954459664
0,rec_grapheme_10000_horizontal_C+F,296.0,eval,0.9344262103601186,0.9669740443926084,0.9823450649814364,0.8545081792108981,0.9300359434061072,0.960496086766658,0.9344262103601186,0.9669740443926084,0.9823450649814364,403.40617874599786
0,rec_grapheme_10000_horizontal_C+F,131.0,eval,0.922131128644854,0.9625000007684426,0.9803500958142328,0.809426212921594,0.905523843986468,0.9477339762640168,0.922131128644854,0.9625000007684426,0.9803500958142328,430.3657351096964
0,rec_grapheme_10000_horizontal_C+F,296.0,test,0.944672111789506,0.9718806927437929,0.9871129328688152,0.8545081792108981,0.9363168436156776,0.9670160580095808,0.944672111789506,0.9718806927437929,0.9871129328688152,445.525118030637
0,rec_grapheme_10000_horizontal_C+F,131.0,test,0.9323770300742412,0.9692281427070736,0.9840012146569272,0.8217212946368587,0.9216652045716536,0.958064175982942,0.9323770300742412,0.9692281427070736,0.9840012146569272,358.37072926575297
0,rec_grapheme_10000_horizontal_C+F,11.0,eval,0.2254098314465198,0.536495157110001,0.7058012858053517,0.0,0.0388830913137456,0.2949429092883264,0.2254098314465198,0.536495157110001,0.7058012858053517,318.2050469701549
0,rec_grapheme_10000_horizontal_C+F,11.0,test,0.2540983554488042,0.543985014548837,0.7186489020269926,0.0020491802858774,0.034213199598155,0.3084195431855213,0.2540983554488042,0.543985014548837,0.7186489020269926,355.1173665036666
0,rec_grapheme_10000_horizontal_C+F,136.0,train,0.9968749688476573,0.999218750024414,0.9997395833414714,0.987499969140626,0.9971875000878906,0.9976041667415364,0.9968749688476573,0.999218750024414,0.9997395833414714,1675.5578683467104
0,rec_grapheme_10000_horizontal_C+F,136.0,eval,0.9282786695024864,0.961462399957022,0.9782147198496636,0.809426212921594,0.9086415254214104,0.9489331262090858,0.9282786695024864,0.961462399957022,0.9782147198496636,405.528203776592
0,rec_grapheme_10000_horizontal_C+F,16.0,train,0.5281249834960943,0.7789099771471584,0.8759288233216687,0.0,0.1045970021876927,0.3878522016693015,0.5281249834960943,0.7789099771471584,0.8759288233216687,1751.8018857340144
0,rec_grapheme_10000_horizontal_C+F,136.0,test,0.9323770300742412,0.967827869511724,0.9841681849024432,0.8196721143509813,0.9193428002476592,0.9619776766400184,0.9323770300742412,0.967827869511724,0.9841681849024432,363.5602117476392
0,rec_grapheme_10000_horizontal_C+F,16.0,test,0.5409835954716476,0.7698876250641035,0.8760262190379742,0.0020491802858774,0.1064004541688684,0.384608933592344,0.5409835954716476,0.7698876250641035,0.8760262190379742,421.4906886351173
0,rec_grapheme_10000_horizontal_C+F,141.0,train,0.9999999687500012,1.0,1.0,0.987499969140626,0.9946875001660156,0.9982291667220052,0.9999999687500012,1.0,1.0,2266.6566960455475
0,rec_grapheme_10000_horizontal_C+F,141.0,eval,0.9303278497883638,0.9612591082619946,0.9787392124228348,0.8237704749227363,0.9175082959917308,0.9529279435441732,0.9303278497883638,0.9612591082619946,0.9787392124228348,354.28961338519633
0,rec_grapheme_10000_horizontal_C+F,21.0,train,0.646874979785157,0.8419233680351328,0.9219903298187546,0.0593749981445313,0.346489355739668,0.6005121652617724,0.646874979785157,0.8419233680351328,0.9219903298187546,1900.958148979856
0,rec_grapheme_10000_horizontal_C+F,141.0,test,0.9303278497883638,0.9688809204919666,0.9846064817969225,0.8053278523498392,0.917487153655448,0.9567636512459524,0.9303278497883638,0.9688809204919666,0.9846064817969225,457.16278785870617
0,rec_grapheme_10000_horizontal_C+F,21.0,eval,0.6311475280502556,0.8211138795439192,0.9134533043149152,0.0573770480045686,0.3491949782073629,0.5962545620075339,0.6311475280502556,0.8211138795439192,0.9134533043149152,399.83401513406005
0,rec_grapheme_10000_horizontal_C+F,21.0,test,0.6229508069067458,0.8212220307256739,0.912302402265466,0.0614754085763235,0.3247454926297921,0.5857159205373068,0.6229508069067458,0.8212220307256739,0.912302402265466,399.7206161121858
0,rec_grapheme_10000_horizontal_C+F,146.0,train,0.9999999687500012,1.0,1.0,0.9937499689453136,0.9985937500439452,0.9990104166975912,0.9999999687500012,1.0,1.0,2156.1363438916724
0,rec_grapheme_10000_horizontal_C+F,146.0,eval,0.940573751217751,0.9664349148173954,0.9830408646896172,0.8381147369238784,0.9247227116648676,0.9569552875504652,0.940573751217751,0.9664349148173954,0.9830408646896172,448.5252939130204
0,rec_grapheme_10000_horizontal_C+F,26.0,train,0.7656249760742195,0.8943861640147182,0.9514769360401552,0.1968749938476564,0.5749838922500072,0.767162292329088,0.7656249760742195,0.8943861640147182,0.9514769360401552,2018.303565333
0,rec_grapheme_10000_horizontal_C+F,146.0,test,0.9323770300742412,0.9688557123217832,0.986324703203295,0.8401639172097558,0.9272101888452244,0.9630795176270678,0.9323770300742412,0.9688557123217832,0.986324703203295,468.8836002016255
0,rec_grapheme_10000_horizontal_C+F,26.0,eval,0.7438524437735156,0.8742632734586956,0.9372235245755004,0.2131147497312551,0.552013410168864,0.7380307322309165,0.7438524437735156,0.8742632734586956,0.9372235245755004,403.03412540678846
0,rec_grapheme_10000_horizontal_C+F,26.0,test,0.7377049029158832,0.8772931328813858,0.9389135562001624,0.2008196680159904,0.5314280931303768,0.7330433093129081,0.7377049029158832,0.8772931328813858,0.9389135562001624,460.63862465955685
0,rec_grapheme_10000_horizontal_C+F,1.0,eval,0.0,0.1097493325335008,0.4083289144624714,0.0,0.0261813271536057,0.1527715847807691,0.0,0.1097493325335008,0.4083289144624714,424.9665239001521
0,rec_grapheme_10000_horizontal_C+F,151.0,train,0.9999999687500012,1.0,1.0,0.9937499689453136,0.9983333333854166,0.9987500000390624,0.9999999687500012,1.0,1.0,2163.266563952477
0,rec_grapheme_10000_horizontal_C+F,1.0,test,0.0,0.1037748864843989,0.4092206089804208,0.0,0.0233656561666109,0.1486022026794724,0.0,0.1037748864843989,0.4092206089804208,461.84626897324944
0,rec_grapheme_10000_horizontal_C+F,151.0,eval,0.9426229315036284,0.9674830867969572,0.9821461101759026,0.8299180157803686,0.9184385587881768,0.9569579981063988,0.9426229315036284,0.9674830867969572,0.9821461101759026,506.1139540249192
0,rec_grapheme_10000_horizontal_C+F,31.0,train,0.8437499736328133,0.9341629484859792,0.968520586301192,0.4249999867187504,0.7228311098520039,0.8594680103440056,0.8437499736328133,0.9341629484859792,0.968520586301192,1997.3235233157168
0,rec_grapheme_10000_horizontal_C+F,151.0,test,0.9241803089307314,0.9633709023899404,0.9830240592428282,0.8401639172097558,0.925648908627413,0.9616822260432452,0.9241803089307314,0.9633709023899404,0.9830240592428282,453.58209257054153
0,rec_grapheme_10000_horizontal_C+F,31.0,eval,0.7704917874899224,0.8927359832024567,0.948059514031654,0.3586065500285543,0.6875471700769348,0.8274826017657415,0.7704917874899224,0.8927359832024567,0.948059514031654,431.62381596334615
0,rec_grapheme_10000_horizontal_C+F,6.0,train,0.0156249995117187,0.2146255205746984,0.639174118418666,0.0,0.0762264673599858,0.2480608024182543,0.0156249995117187,0.2146255205746984,0.639174118418666,1916.3815271514825
0,rec_grapheme_10000_horizontal_C+F,6.0,eval,0.0040983605717549,0.2071192915533053,0.6204942505558355,0.0,0.0723971460160377,0.2440195926052403,0.0040983605717549,0.2071192915533053,0.6204942505558355,494.6806810530392
0,rec_grapheme_10000_horizontal_C+F,156.0,train,0.9999999687500012,1.0,1.0,0.9937499689453136,0.9987500000390624,0.9991666666927084,0.9999999687500012,1.0,1.0,2424.248764573103
0,rec_grapheme_10000_horizontal_C+F,6.0,test,0.0040983605717549,0.2037893735887542,0.6593408539752555,0.0020491802858774,0.0729101803300342,0.2464484781810757,0.0040983605717549,0.2037893735887542,0.6593408539752555,443.93982966181625
0,rec_grapheme_10000_horizontal_C+F,156.0,eval,0.9303278497883638,0.962724434799753,0.97912329819864,0.8381147369238784,0.9226247413721836,0.956536777714302,0.9303278497883638,0.962724434799753,0.97912329819864,483.20873426920497
0,rec_grapheme_10000_horizontal_C+F,156.0,test,0.9344262103601186,0.9675944906458324,0.9843939742117204,0.831967196066246,0.926446625238701,0.9628268938140468,0.9344262103601186,0.9675944906458324,0.9843939742117204,473.8843031044403
0,rec_grapheme_10000_horizontal_C+F,11.0,train,0.2249999929687502,0.5291381595557025,0.6956746126847715,0.0,0.0382899606089939,0.269005892552561,0.2249999929687502,0.5291381595557025,0.6956746126847715,2358.905269456852
0,rec_grapheme_10000_horizontal_C+F,161.0,train,0.9968749688476573,0.999218750024414,0.999218750024414,0.9906249690429698,0.997291666751302,0.9980555556163194,0.9968749688476573,0.999218750024414,0.999218750024414,2573.328606089693
0,rec_grapheme_10000_horizontal_C+F,161.0,eval,0.9303278497883638,0.9617258659937776,0.9808613066633288,0.8299180157803686,0.920279568378346,0.9563687232464124,0.9303278497883638,0.9617258659937776,0.9808613066633288,551.0949096921555
0,rec_grapheme_10000_horizontal_C+F,161.0,test,0.9426229315036284,0.9695241354150336,0.9853711296258192,0.8483606383532657,0.9297423901984871,0.963113399576239,0.9426229315036284,0.9695241354150336,0.9853711296258192,558.1865283181278
0,rec_grapheme_10000_horizontal_C+F,166.0,train,0.9999999687500012,1.0,1.0,0.9999999687500012,1.0,1.0,0.9999999687500012,1.0,1.0,2540.0610094299896
0,rec_grapheme_10000_horizontal_C+F,166.0,eval,0.9364753906459962,0.9651379138031198,0.9820853937229878,0.836065556638001,0.9175619649992182,0.959225107089346,0.9364753906459962,0.9651379138031198,0.9820853937229878,572.2634174720615
0,rec_grapheme_10000_horizontal_C+F,166.0,test,0.940573751217751,0.9690459933483287,0.9860238314946544,0.8483606383532657,0.9299326712250332,0.9657011673261428,0.940573751217751,0.9690459933483287,0.9860238314946544,501.26058976670726
0,rec_grapheme_10000_horizontal_C+F,171.0,train,0.9999999687500012,1.0,1.0,0.9999999687500012,1.0,1.0,0.9999999687500012,1.0,1.0,2212.1637773888046
0,rec_grapheme_10000_horizontal_C+F,171.0,eval,0.9344262103601186,0.9657640522238046,0.980581035179784,0.8381147369238784,0.9193606899168216,0.9586754063459916,0.9344262103601186,0.9657640522238046,0.980581035179784,545.9272600095354
0,rec_grapheme_10000_horizontal_C+F,171.0,test,0.9426229315036284,0.971314728664836,0.9862639867503802,0.8504098186391431,0.9323428975612794,0.965086142184786,0.9426229315036284,0.971314728664836,0.9862639867503802,455.8686663003896
0,rec_grapheme_10000_horizontal_C+F,176.0,train,0.9999999687500012,1.0,1.0,0.9968749688476573,0.998437500048828,0.998437500048828,0.9999999687500012,1.0,1.0,2071.198715051132
0,rec_grapheme_10000_horizontal_C+F,176.0,eval,0.9364753906459962,0.9651867038099264,0.9827012320311244,0.8381147369238784,0.919969751835124,0.9592920578209084,0.9364753906459962,0.9651867038099264,0.9827012320311244,562.1744091397519
0,rec_grapheme_10000_horizontal_C+F,176.0,test,0.9385245709318736,0.9703438075293846,0.9851206742575452,0.8463114580673882,0.930877571023521,0.963770438334568,0.9385245709318736,0.9703438075293846,0.9851206742575452,571.8814777687985
0,rec_grapheme_10000_horizontal_C+F,181.0,train,0.9999999687500012,1.0,1.0,0.9999999687500012,1.0,1.0,0.9999999687500012,1.0,1.0,2360.474762084316
0,rec_grapheme_10000_horizontal_C+F,186.0,train,0.9999999687500012,1.0,1.0,0.9999999687500012,1.0,1.0,0.9999999687500012,1.0,1.0,2662.559064502706
0,rec_grapheme_10000_horizontal_C+F,181.0,eval,0.944672111789506,0.9668114110365864,0.983640710717745,0.8442622777815108,0.9235127194960638,0.9620950437119478,0.944672111789506,0.9668114110365864,0.983640710717745,554.5239742182229
0,rec_grapheme_10000_horizontal_C+F,186.0,eval,0.9344262103601186,0.962673205292606,0.9822455875786694,0.8504098186391431,0.929193502621913,0.9603361639665696,0.9344262103601186,0.962673205292606,0.9822455875786694,203.13045216689952
0,rec_grapheme_10000_horizontal_C+F,181.0,test,0.940573751217751,0.97060564723258,0.9853066183945972,0.8422130974956333,0.9276590569078452,0.9644944278244594,0.940573751217751,0.97060564723258,0.9853066183945972,588.6946536953632
0,rec_grapheme_10000_horizontal_C+F,186.0,test,0.9385245709318736,0.9716586982128228,0.985460306916038,0.8401639172097558,0.9289593105892412,0.9658635296265714,0.9385245709318736,0.9716586982128228,0.985460306916038,461.4166378256333
0,rec_grapheme_10000_horizontal_C+F,191.0,train,0.9999999687500012,1.0,1.0,0.9968749688476573,0.9993750000195312,0.9997916666731772,0.9999999687500012,1.0,1.0,2333.7492491953626
0,rec_grapheme_10000_horizontal_C+F,1.0,train,0.0,0.1151575177306919,0.415092610870949,0.0,0.0232521538231004,0.148697572452128,0.0,0.1151575177306919,0.415092610870949,2452.644233527845
0,rec_grapheme_10000_horizontal_C+F,191.0,eval,0.9364753906459962,0.9677075208282676,0.9801749939009158,0.8504098186391431,0.9296944133584608,0.9616721969862906,0.9364753906459962,0.9677075208282676,0.9801749939009158,538.7832909642802
0,rec_grapheme_10000_horizontal_C+F,191.0,test,0.9385245709318736,0.9690061481761036,0.985775273515534,0.8422130974956333,0.9300034167349028,0.9641298580513766,0.9385245709318736,0.9690061481761036,0.985775273515534,595.4539801666015
0,rec_grapheme_10000_horizontal_C+F,196.0,train,0.9999999687500012,1.0,1.0,0.9999999687500012,1.0,1.0,0.9999999687500012,1.0,1.0,2762.9014159008143
0,rec_grapheme_10000_horizontal_C+F,196.0,eval,0.9364753906459962,0.9659323777472874,0.98047776299871,0.8442622777815108,0.92540577176016,0.963888347517684,0.9364753906459962,0.9659323777472874,0.98047776299871,605.1574608313747
0,rec_grapheme_10000_horizontal_C+F,196.0,test,0.9467212920753834,0.9720433260998147,0.9876170962724834,0.8422130974956333,0.927783471425202,0.9690630698507112,0.9467212920753834,0.9720433260998147,0.9876170962724834,593.8039617756142
