,work_id,version,task,first_acc,first_C_NED,first_G_NED,second_acc,second_C_NED,second_G_NED,third_acc,third_C_NED,third_G_NED,character_acc,character_C_NED,character_G_NED,composed_acc,composed_C_NED,composed_G_NED,grapheme_acc,grapheme_C_NED,grapheme_G_NED,fps
0,rec_grapheme_10000_horizontal_C+FML,276.0,test,0.9385245709318736,0.9698770497976016,0.9861262905089482,0.9323770300742412,0.9709764512843104,0.9856752540015804,0.9651639146482804,0.988854736111811,0.9932035520518396,0.8749999820696726,0.9415959223521524,0.9698746102972612,0.8729508017837951,0.9400151261316182,0.9693015987728768,0.9453551718847985,0.9765694123979076,0.988335032187456,572.6092022032252
0,rec_grapheme_10000_horizontal_C+FML,111.0,train,0.9999999687500012,1.0,1.0,0.9968749688476573,0.9993750000195312,0.9997916666731772,0.9968749688476573,0.9993750000195312,0.9993750000195312,0.9937499689453136,0.9985937500439452,0.9995312500146484,0.9937499689453136,0.9987500000390624,0.9991666666927084,0.9979166354817718,0.999583333346354,0.9997222222309028,2163.026150271719
0,rec_grapheme_10000_horizontal_C+FML,111.0,eval,0.9364753906459962,0.9690459933483287,0.9833655892904744,0.9098360469295892,0.9551026225697812,0.977346257728506,0.9549180132188932,0.9780753972746716,0.9863360875382168,0.8422130974956333,0.9255513286138,0.9566983268479504,0.8586065397826529,0.9251130317193204,0.965079365794952,0.9337431502648262,0.9674080043975938,0.9823493115190658,416.5117356635115
0,rec_grapheme_10000_horizontal_C+FML,281.0,train,0.9999999687500012,1.0,1.0,0.9999999687500012,1.0,1.0,0.9999999687500012,1.0,1.0,0.9999999687500012,1.0,1.0,0.9999999687500012,1.0,1.0,0.9999999687500012,1.0,1.0,1952.1006715735589
0,rec_grapheme_10000_horizontal_C+FML,111.0,test,0.9282786695024864,0.965944575248989,0.9828747076108812,0.9016393257860794,0.9581430531606128,0.9795456028131104,0.9303278497883638,0.9777013405558208,0.9878903203106004,0.8299180157803686,0.928395786010625,0.9588450871474412,0.8217212946368587,0.9147028706003508,0.9586277005615584,0.9200819483589764,0.9672629896551408,0.9834368769115308,438.6937037477876
0,rec_grapheme_10000_horizontal_C+FML,281.0,eval,0.9508196526471384,0.9713570133374018,0.9834265767989828,0.9282786695024864,0.965154177138722,0.9812397002716732,0.963114734362403,0.9806596413018612,0.9868581406110472,0.8586065397826529,0.9365168826435846,0.9662679445718796,0.8811475229273049,0.9426213256618712,0.9689920532852484,0.947404352170676,0.9723902772593284,0.983841472560568,467.4443169733737
0,rec_grapheme_10000_horizontal_C+FML,281.0,test,0.9426229315036284,0.9713114759977156,0.98687765661377,0.9282786695024864,0.9680848302142387,0.9845595891792694,0.963114734362403,0.9878756833085583,0.9922244992485872,0.87704916235555,0.9436792556427944,0.970584233840704,0.8709016214979176,0.9405274212030876,0.9694823928536548,0.944672111789506,0.9757573298401708,0.9878872483472088,517.6399501206012
0,rec_grapheme_10000_horizontal_C+FML,116.0,train,0.9999999687500012,1.0,1.0,0.9968749688476573,0.9989583333658856,0.9996527777886284,0.9968749688476573,0.9993750000195312,0.9993750000195312,0.9937499689453136,0.9983333333854166,0.9987500000390624,0.9937499689453136,0.9983333333854166,0.9990277778081598,0.9979166354817718,0.9994444444618056,0.9996759259360531,2022.0343100226685
0,rec_grapheme_10000_horizontal_C+FML,116.0,eval,0.9262294892166087,0.9638376601217236,0.9805344136177244,0.9180327680730992,0.9601800359447884,0.9775514468126872,0.9487704723612608,0.9775663548703224,0.9855017784218236,0.836065556638001,0.923175255282318,0.9580845051524448,0.8483606383532657,0.9246617241563594,0.9633923157818168,0.9310109098836562,0.9671946836456116,0.9811958796174118,521.9870809471848
0,rec_grapheme_10000_horizontal_C+FML,286.0,train,0.9999999687500012,1.0,1.0,0.9999999687500012,1.0,1.0,0.9999999687500012,1.0,1.0,0.9999999687500012,1.0,1.0,0.9999999687500012,1.0,1.0,0.9999999687500012,1.0,1.0,2292.410969872612
0,rec_grapheme_10000_horizontal_C+FML,116.0,test,0.9303278497883638,0.9685255666090584,0.9841654743465094,0.9118852272154668,0.9597108387126648,0.9801684885666748,0.9528688329330156,0.982761677428446,0.9899050765361198,0.8422130974956333,0.9305327883087544,0.9623937469758416,0.836065556638001,0.9207455129433492,0.9617708612222772,0.9316939699789488,0.9703326942500564,0.9847463464831012,520.8866104338668
0,rec_grapheme_10000_horizontal_C+FML,286.0,eval,0.9528688329330156,0.9723132974708112,0.9846560849705092,0.9262294892166087,0.9652029671455286,0.9814836503057064,0.963114734362403,0.9806596413018612,0.9872809873367046,0.8565573594967755,0.9354922925006458,0.96501566773051,0.8811475229273049,0.9447192959545552,0.9698637680735264,0.947404352170676,0.9727253019727335,0.9844735742043068,536.4821041057987
0,rec_grapheme_10000_horizontal_C+FML,286.0,test,0.940573751217751,0.970286885854777,0.9865361265661236,0.9323770300742412,0.9696217154286468,0.9846165108538772,0.9610655540765256,0.9874804842534248,0.9923529795998446,0.8688524412120402,0.9404347201901552,0.9693736995607132,0.8749999820696726,0.9417666873759754,0.9698588890728456,0.944672111789506,0.9757963618456164,0.987835205673282,511.1417535619818
0,rec_grapheme_10000_horizontal_C+FML,121.0,train,0.9999999687500012,1.0,1.0,0.9906249690429698,0.9960937501220704,0.9976562500732422,0.9968749688476573,0.9993750000195312,0.9993750000195312,0.9999999687500012,1.0,1.0,0.987499969140626,0.9939062501904296,0.9970312500927734,0.9958333022135428,0.9984895833805338,0.9990104166975912,2324.51531251457
0,rec_grapheme_10000_horizontal_C+FML,121.0,eval,0.9303278497883638,0.9635359752463027,0.9809195836159031,0.9016393257860794,0.9564939509305496,0.9757703405086527,0.9549180132188932,0.9785454076735752,0.987801414075975,0.8401639172097558,0.9208211374538994,0.9582918626813728,0.8422130974956333,0.9129553751898944,0.9592671207063184,0.9289617295977788,0.9661917779501424,0.9814971127335104,406.99771859088855
0,rec_grapheme_10000_horizontal_C+FML,291.0,train,0.9999999687500012,1.0,1.0,0.9999999687500012,1.0,1.0,0.9999999687500012,1.0,1.0,0.9999999687500012,1.0,1.0,0.9999999687500012,1.0,1.0,0.9999999687500012,1.0,1.0,1928.3662039467265
0,rec_grapheme_10000_horizontal_C+FML,121.0,test,0.9364753906459962,0.9668179163708271,0.9854177511878788,0.913934407501344,0.9618429620101135,0.9810407454661396,0.9549180132188932,0.9837862675713848,0.989869297197795,0.8504098186391431,0.9361338810901528,0.9641203711056088,0.8463114580673882,0.9226605207105084,0.9617497188859944,0.9351092704554111,0.9708157153174418,0.9854425979506044,519.2519055807487
0,rec_grapheme_10000_horizontal_C+FML,291.0,eval,0.9528688329330156,0.9720400734326944,0.9841096368942752,0.9282786695024864,0.9649834121148988,0.9811827785970656,0.9610655540765256,0.9803181112542152,0.9868256139398428,0.8586065397826529,0.9355947515149398,0.9647765966971577,0.8852458834990599,0.9450120359953949,0.9695628963648856,0.947404352170676,0.9724471989339362,0.9840393431437278,478.439501409549
0,rec_grapheme_10000_horizontal_C+FML,291.0,test,0.9385245709318736,0.9703893448690708,0.9862970555327714,0.9364753906459962,0.9711586006430548,0.9851288059253464,0.9651639146482804,0.989017369467833,0.9924099012744524,0.87704916235555,0.9427229715093848,0.9709713012280364,0.8852458834990599,0.945464969891916,0.9716071976500824,0.9467212920753832,0.9768551049933196,0.98794525424419,445.489438342687
0,rec_grapheme_10000_horizontal_C+FML,126.0,train,0.9999999687500012,1.0,1.0,0.9999999687500012,1.0,1.0,0.9968749688476573,0.9993750000195312,0.9993750000195312,0.9968749688476573,0.9993750000195312,0.9997916666731772,0.9968749688476573,0.9993750000195312,0.9993750000195312,0.9989583021158864,0.9997916666731772,0.9997916666731772,1781.406021663071
0,rec_grapheme_10000_horizontal_C+FML,126.0,eval,0.9364753906459962,0.9669480230556448,0.9827421614257232,0.9016393257860794,0.9536080220279388,0.975366196618938,0.9549180132188932,0.9779810699281788,0.9864694468901548,0.8483606383532657,0.9267149702761374,0.9616567468174684,0.8586065397826529,0.921792871756131,0.962442536982648,0.9310109098836562,0.966179038337254,0.981525934978272,521.6511188008516
0,rec_grapheme_10000_horizontal_C+FML,296.0,train,0.9999999687500012,1.0,1.0,0.9999999687500012,1.0,1.0,0.9999999687500012,1.0,1.0,0.9999999687500012,1.0,1.0,0.9999999687500012,1.0,1.0,0.9999999687500012,1.0,1.0,1952.750608255302
0,rec_grapheme_10000_horizontal_C+FML,126.0,test,0.9323770300742412,0.967466823461355,0.9851710905979122,0.922131128644854,0.9638010676166188,0.982306032975991,0.9528688329330156,0.9859265225366344,0.9905371781798588,0.8299180157803686,0.9286885260514646,0.9609972685587992,0.8442622777815108,0.9300050430684628,0.967173812364922,0.9357923305507037,0.972398137871536,0.986004767251254,460.4007743041663
0,rec_grapheme_10000_horizontal_C+FML,296.0,eval,0.9508196526471384,0.9723132974708112,0.9839730248752168,0.9303278497883638,0.9654957071863682,0.9813535436208888,0.9610655540765256,0.9798058161827458,0.9859717888207272,0.8606557200685304,0.9360045875721152,0.9656418061511948,0.8811475229273049,0.9436459158048098,0.9691644446426316,0.947404352170676,0.9725382736133084,0.9837661191056108,425.9678564838141
0,rec_grapheme_10000_horizontal_C+FML,296.0,test,0.9385245709318736,0.9703893448690708,0.9862970555327714,0.9344262103601186,0.9701340105001164,0.9847872758777002,0.959016373790648,0.9868998831724264,0.9912486991124552,0.8749999820696726,0.9422789824474448,0.9705576703925536,0.8729508017837951,0.9404688731949196,0.96900506395373,0.9439890516942137,0.9758077461805378,0.9874443435076422,457.7115144515155
0,rec_grapheme_10000_horizontal_C+FML,131.0,train,0.9999999687500012,1.0,1.0,0.9999999687500012,1.0,1.0,0.9968749688476573,0.9993750000195312,0.9993750000195312,0.9999999687500012,1.0,1.0,0.9968749688476573,0.9993750000195312,0.9993750000195312,0.9989583021158864,0.9997916666731772,0.9997916666731772,2190.676211922116
0,rec_grapheme_10000_horizontal_C+FML,131.0,eval,0.9344262103601186,0.9672757292680292,0.9827885119321896,0.9159835877872216,0.962473979431479,0.9798150320729204,0.944672111789506,0.9746405807954864,0.983229790438196,0.8401639172097558,0.9260636236852692,0.9600756795413412,0.8463114580673882,0.9252968074116256,0.962946429330723,0.9316939699789488,0.9681300964983316,0.9819444448144352,472.1221070968632
0,rec_grapheme_10000_horizontal_C+FML,131.0,test,0.9385245709318736,0.9699453558071308,0.9873330300106316,0.913934407501344,0.9641312133293436,0.9820463617175424,0.963114734362403,0.9874373864140792,0.991008272801136,0.8463114580673882,0.9347336078948032,0.9644049794786472,0.8422130974956333,0.9294268814878046,0.965910151188631,0.9385245709318736,0.9738379851835178,0.9867958881764366,446.9967332384911
0,rec_grapheme_10000_horizontal_C+FML,136.0,train,0.9999999687500012,1.0,1.0,0.9999999687500012,1.0,1.0,0.9968749688476573,0.9993750000195312,0.9993750000195312,0.9999999687500012,1.0,1.0,0.9968749688476573,0.9993750000195312,0.9993750000195312,0.9989583021158864,0.9997916666731772,0.9997916666731772,1995.413593114752
0,rec_grapheme_10000_horizontal_C+FML,136.0,eval,0.940573751217751,0.9685418299446606,0.9837179615618554,0.9180327680730992,0.9622576770679698,0.9785042072233828,0.9467212920753834,0.9749731660085514,0.9863645483755203,0.8483606383532657,0.932450235576254,0.9627200979102593,0.8545081792108981,0.927701341580411,0.9654330933442996,0.9351092704554111,0.9685908910070604,0.9828622390535864,452.47432874354377
0,rec_grapheme_10000_horizontal_C+FML,136.0,test,0.9323770300742412,0.9661771409481004,0.984566636624697,0.922131128644854,0.9640970603245788,0.9832037691012324,0.9610655540765256,0.9861428249001438,0.9906168685243096,0.8463114580673882,0.9328381161303664,0.966239754790169,0.8442622777815108,0.9257611256430682,0.9647470516374802,0.9385245709318736,0.9721390087242744,0.9861290914167464,437.8492740569724
0,rec_grapheme_10000_horizontal_C+FML,141.0,train,0.9999999687500012,1.0,1.0,0.9968749688476573,0.9993750000195312,0.9997916666731772,0.9968749688476573,0.9993750000195312,0.9993750000195312,0.9968749688476573,0.9993750000195312,0.9997916666731772,0.9937499689453136,0.9987500000390624,0.9991666666927084,0.9979166354817718,0.999583333346354,0.9997222222309028,2046.13532430864
0,rec_grapheme_10000_horizontal_C+FML,141.0,eval,0.9364753906459962,0.9675822931441308,0.9802416735768849,0.9098360469295892,0.959940964911436,0.9779976043193744,0.9549180132188932,0.9777615148975488,0.9853391450658016,0.8504098186391431,0.9315768944544156,0.96418000333615,0.8545081792108981,0.926823121457892,0.9611056907961472,0.9337431502648262,0.9684282576510386,0.9811928076540202,486.0280538606128
0,rec_grapheme_10000_horizontal_C+FML,141.0,test,0.9262294892166087,0.9665219236628672,0.9867177338136816,0.9159835877872216,0.9636018417554918,0.9824315317157212,0.9549180132188932,0.985664682833439,0.9918236080259928,0.8463114580673882,0.9316256844612224,0.9641165763273016,0.8463114580673882,0.927708660081432,0.9676779757685904,0.9323770300742412,0.9719294827505992,0.9869909578517988,473.2290146210849
0,rec_grapheme_10000_horizontal_C+FML,146.0,train,0.9968749688476573,0.999609375012207,0.999609375012207,0.9999999687500012,1.0,1.0,0.9937499689453136,0.9989843750317384,0.9989843750317384,0.9999999687500012,1.0,1.0,0.9937499689453136,0.9966964286746652,0.998482142904576,0.9968749688476573,0.9995312500146484,0.9995312500146484,2002.267305509452
0,rec_grapheme_10000_horizontal_C+FML,146.0,eval,0.9385245709318736,0.9678164851768024,0.9823615993726318,0.9057376863578344,0.9558962733471684,0.97673611158783,0.959016373790648,0.979526086810388,0.9866808702529832,0.8483606383532657,0.9294252551542443,0.9643057731314738,0.8442622777815108,0.9277330550848352,0.9619904162529068,0.9344262103601187,0.9677462817781196,0.9819261937378152,393.37268525769673
0,rec_grapheme_10000_horizontal_C+FML,146.0,test,0.944672111789506,0.9726125428458918,0.988487726838388,0.9303278497883638,0.9664731336560606,0.9844072559357956,0.9528688329330156,0.9833788710145496,0.9907710991569372,0.8504098186391431,0.9353629989826084,0.966203162285064,0.8668032609261628,0.9333894432072812,0.9691804369226404,0.9426229315036284,0.9741548491721672,0.9878886939770402,387.3570789223942
0,rec_grapheme_10000_horizontal_C+FML,151.0,train,0.9999999687500012,1.0,1.0,0.9968749688476573,0.999218750024414,0.999218750024414,0.9968749688476573,0.9993750000195312,0.9993750000195312,0.9937499689453136,0.9989285714620536,0.9993452381156994,0.9937499689453136,0.9985937500439452,0.9991145833610026,0.9979166354817718,0.9995312500146484,0.9995312500146484,1989.066145645617
0,rec_grapheme_10000_horizontal_C+FML,151.0,eval,0.9426229315036284,0.9701868663408234,0.9813410750635936,0.913934407501344,0.9584439248692534,0.97491272061123,0.959016373790648,0.9789601227314312,0.985386308739048,0.8565573594967755,0.9287836665647377,0.9613434065515328,0.8709016214979176,0.9333227635313122,0.9650769262946116,0.9385245709318736,0.969196971313836,0.9805467014712906,421.4015902185654
0,rec_grapheme_10000_horizontal_C+FML,151.0,test,0.9200819483589764,0.9613534356084874,0.98350518292106,0.9159835877872216,0.9627195557990724,0.9815546668711692,0.9487704723612608,0.9822038450172904,0.9894328976924692,0.8442622777815108,0.9336699857464192,0.964713982855089,0.836065556638001,0.9248536315164654,0.9645291229404108,0.9282786695024864,0.96875894547495,0.9848309158282328,385.2255670207626
0,rec_grapheme_10000_horizontal_C+FML,156.0,train,0.9999999687500012,1.0,1.0,0.9999999687500012,1.0,1.0,0.9968749688476573,0.9993750000195312,0.9993750000195312,0.9999999687500012,1.0,1.0,0.9968749688476573,0.9993750000195312,0.9993750000195312,0.9989583021158864,0.9997916666731772,0.9997916666731772,1985.2392258199184
0,rec_grapheme_10000_horizontal_C+FML,156.0,eval,0.9487704723612608,0.97016165817064,0.9837559093449272,0.9200819483589764,0.9643881740318584,0.9808949175569066,0.9610655540765256,0.9804335809369908,0.986368614209421,0.8483606383532657,0.9300473277410286,0.959162222191684,0.8811475229273049,0.941904112561814,0.9669629311132802,0.9433059915989208,0.9716611377131628,0.9836731470370847,422.1894077798413
0,rec_grapheme_10000_horizontal_C+FML,156.0,test,0.940573751217751,0.9706170315675016,0.9864943840047448,0.9241803089307314,0.9658356109004542,0.983469945693922,0.9610655540765256,0.9866803281417964,0.9905661811283494,0.8442622777815108,0.9300375697396672,0.9633955684489371,0.8647540806402852,0.9349995134318992,0.9670228343994148,0.941939871408336,0.9743776568699176,0.9868435036090054,450.6371099945442
0,rec_grapheme_10000_horizontal_C+FML,161.0,train,0.9968749688476573,0.999218750024414,0.999218750024414,0.9999999687500012,1.0,1.0,0.9937499689453136,0.9983333333854166,0.9990277778081598,0.9999999687500012,1.0,1.0,0.9906249690429698,0.997291666751302,0.998680555596788,0.9968749688476573,0.999184027803277,0.9994155092775246,2044.998904196015
0,rec_grapheme_10000_horizontal_C+FML,161.0,eval,0.9467212920753834,0.9702267115130488,0.983007795907226,0.9262294892166087,0.9648443605955,0.981282798111019,0.9487704723612608,0.9753659255633446,0.9843779819317114,0.8463114580673882,0.9278249429309876,0.9602486130099112,0.8709016214979176,0.935271111136456,0.965134390080406,0.9405737512177512,0.9701456658906312,0.9828895253166522,402.8962625963197
0,rec_grapheme_10000_horizontal_C+FML,161.0,test,0.940573751217751,0.9714513406838946,0.9859793783773416,0.9262294892166087,0.967480647296617,0.9837906044608786,0.959016373790648,0.9845457653440076,0.9907729965460907,0.8586065397826529,0.9355191270043894,0.9658659691269116,0.8688524412120402,0.9373877842650824,0.9690674067402052,0.941939871408336,0.9744925844415064,0.9868476597947704,403.10717942976095
0,rec_grapheme_10000_horizontal_C+FML,1.0,train,0.0,0.0749233087538009,0.3646300975322636,0.0,0.0638207137794121,0.2364484365593995,0.0,0.1902897442650385,0.4368370723265213,0.0,0.0029687811572254,0.1650905518845702,0.0,0.0081845548037563,0.1791749595132179,0.0,0.1096779222660838,0.3459718688060615,1818.0381478594195
0,rec_grapheme_10000_horizontal_C+FML,166.0,train,0.9999999687500012,1.0,1.0,0.9999999687500012,1.0,1.0,0.9999999687500012,1.0,1.0,0.9968749688476573,0.999218750024414,0.999218750024414,0.9999999687500012,1.0,1.0,0.9999999687500012,1.0,1.0,2122.3404672504453
0,rec_grapheme_10000_horizontal_C+FML,1.0,eval,0.0,0.0838410074341976,0.3623197182281971,0.0,0.0670155343410159,0.240759188079682,0.0,0.1888018198970507,0.4337517325221767,0.0,0.0017271867327567,0.1653889276760211,0.0,0.0082016206359931,0.1813912367418083,0.0,0.1132194538907547,0.3456102129433518,414.8802834671309
0,rec_grapheme_10000_horizontal_C+FML,166.0,eval,0.9487704723612608,0.9713049706634748,0.9832357536612502,0.9323770300742412,0.9668845960467962,0.9814560026351824,0.9508196526471384,0.9756472812692628,0.9856687486673396,0.8586065397826529,0.9344506258553248,0.9619877056969732,0.87704916235555,0.9389897228218994,0.9676739099346898,0.9439890516942134,0.9712789493265112,0.9834535016545908,391.4310621244916
0,rec_grapheme_10000_horizontal_C+FML,1.0,test,0.0,0.0832754751140726,0.3661142209581806,0.0,0.0579755592465318,0.2468538730966061,0.0,0.1965971806832858,0.4339525790303827,0.0,0.0007513865966245,0.1699995833192458,0.0,0.0039788455468814,0.1920740797877083,0.0,0.1126160716812967,0.3489735576950565,377.2479320549627
0,rec_grapheme_10000_horizontal_C+FML,166.0,test,0.9303278497883638,0.9679587893633216,0.9846899669196804,0.9200819483589764,0.9654030061734356,0.982460534664212,0.9508196526471384,0.9826535262466912,0.9895524332091454,0.8463114580673882,0.9319135455013812,0.9659754755866332,0.8442622777815108,0.9283266668343156,0.9657675759465184,0.933743150264826,0.9720051072611496,0.9855676449310126,479.0183690344037
0,rec_grapheme_10000_horizontal_C+FML,6.0,train,0.0156249995117187,0.2198016116827871,0.5387876301536274,0.012499999609375,0.259221253308066,0.4587818456167709,0.0656249979492188,0.4586706518371772,0.5472929208931276,0.0,0.026031698421302,0.6742181907269872,0.0,0.0384052879863423,0.4533234297820563,0.0312499990234375,0.3125645056093434,0.5149541322211754,2305.124353104726
0,rec_grapheme_10000_horizontal_C+FML,171.0,train,0.9999999687500012,1.0,1.0,0.9999999687500012,1.0,1.0,0.9999999687500012,1.0,1.0,0.9968749688476573,0.998437500048828,0.998437500048828,0.9999999687500012,1.0,1.0,0.9999999687500012,1.0,1.0,1964.7590449100987
0,rec_grapheme_10000_horizontal_C+FML,6.0,eval,0.0102459014293872,0.2125862118159852,0.526162296117977,0.0143442620011421,0.2431417667454029,0.4493806492396411,0.0532786874328137,0.4333634321162191,0.5430027090784635,0.0,0.0334034333336709,0.6394419729062695,0.0,0.0258636030999847,0.445785367849181,0.0259562836211144,0.2963638035592024,0.5061818848120273,432.5120736780516
0,rec_grapheme_10000_horizontal_C+FML,171.0,eval,0.944672111789506,0.968470271268011,0.981235092326586,0.9262294892166087,0.9667309075253554,0.981112033087196,0.959016373790648,0.9789601227314312,0.9870126422992682,0.8483606383532657,0.9324014455694474,0.9650967133529276,0.8749999820696726,0.9389742726530772,0.9666167931205468,0.9433059915989208,0.971387100508266,0.9831199225710168,527.8558436290693
0,rec_grapheme_10000_horizontal_C+FML,6.0,test,0.0081967211435098,0.1968912797930806,0.5492535221171704,0.0061475408576323,0.2222645228328558,0.481914638945066,0.0553278677186912,0.4321005841067081,0.5483007617064746,0.0020491802858774,0.0319168905353766,0.6582073487666178,0.0,0.0193184236868781,0.4983983427446783,0.0232240432399444,0.2837521289108815,0.5264896409229037,376.9432763055478
0,rec_grapheme_10000_horizontal_C+FML,171.0,test,0.9426229315036284,0.9716302373755188,0.9863691563206076,0.9180327680730992,0.963211521701039,0.9815782487077924,0.9569671935047708,0.9853654374583584,0.99084130255562,0.8504098186391431,0.9348165509063744,0.9671328829703232,0.8586065397826529,0.9292048869568346,0.9661538301670708,0.939207631027166,0.973402398844972,0.9862629025280066,464.2140586678
0,rec_grapheme_10000_horizontal_C+FML,11.0,train,0.02499999921875,0.2768117785520128,0.4194233812382576,0.02499999921875,0.3318601399269899,0.4694291667126137,0.4593749856445317,0.7711607214369417,0.8296817182854092,0.0,0.0770957629677411,0.2658002874940066,0.0,0.0793911498007724,0.2876380844306231,0.1697916613606772,0.4599442133053148,0.5728447554120936,1582.4903381799718
0,rec_grapheme_10000_horizontal_C+FML,176.0,train,0.9999999687500012,1.0,1.0,0.9999999687500012,1.0,1.0,0.9999999687500012,1.0,1.0,0.9999999687500012,1.0,1.0,0.9999999687500012,1.0,1.0,0.9999999687500012,1.0,1.0,2219.2862580500505
0,rec_grapheme_10000_horizontal_C+FML,11.0,eval,0.0204918028587745,0.2578454484633532,0.3997563333166423,0.0286885240022843,0.3295025182934362,0.4666913436546247,0.3995901557461034,0.747788191481051,0.8264325323970261,0.0,0.0773882897881003,0.2575996010401674,0.0,0.055122970181906,0.2864374766743993,0.1495901608690541,0.4450453860792802,0.5642934031227643,461.0404535324362
0,rec_grapheme_10000_horizontal_C+FML,176.0,eval,0.9385245709318736,0.966499154993024,0.980289379361318,0.9200819483589764,0.9630057905056713,0.9800980141123986,0.9569671935047708,0.9776883298873392,0.9875428270399,0.8565573594967755,0.9335309342270204,0.9638555497908862,0.8709016214979176,0.9332243703509188,0.9650631024593496,0.9385245709318736,0.969064425128678,0.9826434068378722,550.7903084215302
0,rec_grapheme_10000_horizontal_C+FML,11.0,test,0.0163934422870196,0.2595482197009041,0.4109078314834783,0.0266393437164068,0.312944003150054,0.4797220702502964,0.415983598033123,0.738046453455332,0.824482558458322,0.0040983605717549,0.0699095949114279,0.2434052327821593,0.0020491802858774,0.0568005332492732,0.2800514068946009,0.1530054613455165,0.4368462254354301,0.5717041533973656,433.4344055837682
0,rec_grapheme_10000_horizontal_C+FML,176.0,test,0.9385245709318736,0.9704918038833646,0.9847222225352914,0.9200819483589764,0.9642792096833236,0.9832964701141652,0.9528688329330156,0.9853345371207144,0.990651021529074,0.8586065397826529,0.937465848275973,0.9683477541398076,0.8463114580673882,0.9299806480650596,0.9649896463935465,0.9371584507412886,0.9733685168958008,0.9862232380595102,548.6046257333164
0,rec_grapheme_10000_horizontal_C+FML,16.0,train,0.3624999886718754,0.6665513497059846,0.7858072983601885,0.1624999949218751,0.6342113209547058,0.8440418368842744,0.7781249756835946,0.9060166425473696,0.9436390710253484,0.0406249987304687,0.3150595452139129,0.559955784254027,0.0687499978515625,0.3795015074858162,0.6614819054199599,0.4343749864257817,0.7355931044026865,0.8578294020899371,2046.891100744006
0,rec_grapheme_10000_horizontal_C+FML,181.0,train,0.9999999687500012,1.0,1.0,0.9999999687500012,1.0,1.0,0.9968749688476573,0.9993750000195312,0.9993750000195312,0.9968749688476573,0.999218750024414,0.9997395833414714,0.9968749688476573,0.9993750000195312,0.9993750000195312,0.9989583021158864,0.9997916666731772,0.9997916666731772,2181.179202294388
0,rec_grapheme_10000_horizontal_C+FML,16.0,eval,0.2827868794510885,0.5991388645765845,0.7243288719860614,0.1290983580102795,0.626130309508779,0.8413695929808682,0.7315573620582508,0.8874121802930759,0.9373839894867751,0.0512295071469363,0.3074616327185516,0.598447943869084,0.0573770480045686,0.344413557540315,0.6168539739368761,0.3811475331732063,0.7042271181261465,0.834360818151235,382.0962353585942
0,rec_grapheme_10000_horizontal_C+FML,181.0,eval,0.9426229315036284,0.969231395374194,0.9834119397969407,0.9180327680730992,0.9624105524226304,0.9796155351562,0.9549180132188932,0.9780623866061896,0.9860498528316178,0.8524589989250205,0.9337163362528854,0.963136168246082,0.8606557200685304,0.9310093040418989,0.9622216266740516,0.9385245709318736,0.9699014448010048,0.9830257759282528,492.72033216858176
0,rec_grapheme_10000_horizontal_C+FML,16.0,test,0.2602458963064366,0.6027143589087285,0.7378621356518404,0.1372950791537893,0.6005659722756778,0.8257123376854417,0.7295081817723733,0.891142176313441,0.9368231754640928,0.0307377042881617,0.270129145843697,0.5597796950301019,0.0594262282904461,0.3365494216098706,0.6169277010582728,0.3756830524108664,0.6981408358326157,0.8334658829337916,420.6874983826671
0,rec_grapheme_10000_horizontal_C+FML,181.0,test,0.940573751217751,0.9688069223149766,0.9852914392813684,0.9159835877872216,0.9627138636316116,0.9820596434416176,0.9467212920753834,0.9827730617633677,0.9910950105910142,0.8524589989250205,0.9343237718376276,0.9653384949422136,0.8545081792108981,0.9315712022869548,0.9653593662229032,0.9344262103601184,0.9714312825699852,0.9861486977713336,514.0650454731973
0,rec_grapheme_10000_horizontal_C+FML,21.0,train,0.746874976660157,0.892276789080636,0.9525768864026072,0.4093749872070317,0.7733056077335503,0.9086158488153508,0.8593749731445322,0.9401450911561802,0.9682948918638004,0.4093749872070317,0.719857399627472,0.8390637451086229,0.2843749911132815,0.6629166772005206,0.8534610660872781,0.6718749790039068,0.8685758293234555,0.9431625423605862,2280.8014173767315
0,rec_grapheme_10000_horizontal_C+FML,186.0,train,0.9999999687500012,1.0,1.0,0.9999999687500012,1.0,1.0,0.9999999687500012,1.0,1.0,0.9999999687500012,1.0,1.0,0.9999999687500012,1.0,1.0,0.9999999687500012,1.0,1.0,2312.626811528028
0,rec_grapheme_10000_horizontal_C+FML,21.0,eval,0.6967212971983341,0.8615282685153913,0.9320650655780752,0.4200819586048779,0.7766100748352736,0.9071401484897336,0.8565573594967755,0.9389685804856164,0.965110266132596,0.3688524514579416,0.691839064342356,0.8331533558346359,0.2991803217381081,0.6602743694388221,0.8464193586853521,0.6577868717666625,0.8590356412787604,0.9347718267334684,361.6373206117039
0,rec_grapheme_10000_horizontal_C+FML,186.0,eval,0.9426229315036284,0.969475345408227,0.981915712921538,0.9241803089307314,0.965051718124428,0.9806363305208315,0.9569671935047708,0.9767694514258146,0.9834607298037472,0.8586065397826529,0.9342627843291194,0.960690162571511,0.8709016214979176,0.9362005607661218,0.965094815963774,0.9412568113130436,0.9704321716528232,0.9820042577487056,443.972253851159
0,rec_grapheme_10000_horizontal_C+FML,21.0,test,0.6659835929101723,0.8561288410954602,0.9332544575217828,0.3627049106003092,0.7401899610877025,0.8971192232028435,0.8586065397826529,0.94313036806622,0.9703064018574996,0.3688524514579416,0.6707682867361427,0.8147177807071665,0.2663934371640689,0.6122804529099439,0.8303145906052715,0.6290983477643781,0.8464830567497943,0.9335600275273752,489.46181307601535
0,rec_grapheme_10000_horizontal_C+FML,186.0,test,0.940573751217751,0.9702185798452476,0.9856936857819296,0.9118852272154668,0.9618120616724696,0.9817856062367204,0.959016373790648,0.9854109747980448,0.9923668034351064,0.8442622777815108,0.9349702394278152,0.9649110402714692,0.8504098186391431,0.9303864182883343,0.9668238795938814,0.9371584507412886,0.9724805387719208,0.9866153651512524,447.3682329926264
0,rec_grapheme_10000_horizontal_C+FML,26.0,train,0.8124999746093758,0.9193229191878254,0.958559029072808,0.6999999781250007,0.8884632069487283,0.9495066754595904,0.937499970703126,0.97189732230678,0.9852852187138053,0.646874979785157,0.8411718799633787,0.9159685046101111,0.5749999820312506,0.8033110180512925,0.9113194472157118,0.8166666411458342,0.9265611494811112,0.9644503077487344,1969.1148598184204
0,rec_grapheme_10000_horizontal_C+FML,191.0,train,0.9999999687500012,1.0,1.0,0.9999999687500012,1.0,1.0,0.9937499689453136,0.9989843750317384,0.9989843750317384,0.9968749688476573,0.999609375012207,0.999609375012207,0.9968749688476573,0.9993750000195312,0.9993750000195312,0.9979166354817718,0.9996614583439128,0.9996614583439128,1891.0751576880727
0,rec_grapheme_10000_horizontal_C+FML,26.0,eval,0.7807376889193097,0.893639411495159,0.9475024947872788,0.637295068907888,0.8579186211784825,0.934673433553075,0.8790983426414275,0.947680036200936,0.9718430160163144,0.5860655617609516,0.8137311383472997,0.9055401073220704,0.5163934320411182,0.7549318616443184,0.8924554406633187,0.7657103668228751,0.8997460229581925,0.9513396481188892,462.9867079240271
0,rec_grapheme_10000_horizontal_C+FML,191.0,eval,0.940573751217751,0.969304580384404,0.9828020647118582,0.9200819483589764,0.9644052505342404,0.9806295541309972,0.9528688329330156,0.9765612807301064,0.9838819501958443,0.8381147369238784,0.9280079054565123,0.9613851491129116,0.8627049003544078,0.932990178318247,0.9646895878516858,0.9378415108365812,0.9700903705495836,0.9824378563462334,410.5927603665934
0,rec_grapheme_10000_horizontal_C+FML,26.0,test,0.768442607204045,0.8973189911751573,0.9514162664999486,0.6127049054773586,0.8411543748397328,0.9326313007126252,0.8934426046425696,0.9574917065697444,0.9779054454176284,0.5614753983304221,0.7904452944320669,0.8933390818977051,0.4938524488964662,0.7386075385336084,0.8869958389016595,0.7581967057746577,0.8986550241948782,0.9539843375434006,520.4275336091292
0,rec_grapheme_10000_horizontal_C+FML,191.0,test,0.9385245709318736,0.9703438075293846,0.9862515181930852,0.9282786695024864,0.9683978994245812,0.9846715351393313,0.9569671935047708,0.9848986797265752,0.9919228143731664,0.8627049003544078,0.9391369060090994,0.9678292247896908,0.8606557200685304,0.9373113465877522,0.9701464790574112,0.9412568113130436,0.9745467955601804,0.9876152892351944,421.3227289046021
0,rec_grapheme_10000_horizontal_C+FML,31.0,train,0.9187499712890634,0.9610119059802826,0.9793452387406992,0.8468749735351572,0.9339867444871568,0.969507576710464,0.949999970312501,0.9778571435491072,0.9870932543715898,0.7281249772460945,0.8845647357502092,0.9309536231894452,0.7843749754882821,0.8916703902900622,0.9493043170604306,0.9052083050455738,0.9576185980055154,0.9786486899409178,2194.323788925956
0,rec_grapheme_10000_horizontal_C+FML,196.0,train,0.9968749688476573,0.999609375012207,0.999609375012207,0.9999999687500012,1.0,1.0,0.9968749688476573,0.9994791666829428,0.9994791666829428,0.9968749688476573,0.9993750000195312,0.9993750000195312,0.9968749688476573,0.997321428655134,0.9991071428850448,0.9979166354817718,0.9996961805650498,0.9996961805650498,1970.0657662590568
0,rec_grapheme_10000_horizontal_C+FML,31.0,eval,0.8586065397826529,0.9265198102489112,0.9666699200168472,0.8237704749227363,0.9194802254334978,0.9588814085969528,0.9118852272154668,0.9599889417514628,0.9737921767882382,0.6536885111949076,0.8433873308179151,0.9175134460480048,0.7274590014864959,0.8400061833462172,0.924995393591798,0.8647540806402852,0.935329659144624,0.9664478351340128,530.4217976682355
0,rec_grapheme_10000_horizontal_C+FML,196.0,eval,0.9467212920753834,0.9691826053673874,0.9811871154865596,0.9303278497883638,0.966373114142107,0.9814101942399028,0.9569671935047708,0.9773012625000068,0.9857359704544952,0.8586065397826529,0.9378293338266824,0.9643456183036992,0.8811475229273049,0.9411015169498452,0.9656995409925824,0.944672111789506,0.9709523273365004,0.9827777600603192,470.7866832024958
0,rec_grapheme_10000_horizontal_C+FML,31.0,test,0.87704916235555,0.9455845054085924,0.9750861961909868,0.7909835903486969,0.9084707603975872,0.9592936841544684,0.9118852272154668,0.9676863784919848,0.9847986602126216,0.6700819534819272,0.8441988712644649,0.9193013287418736,0.6905737563407017,0.8479931074604586,0.9303243465574528,0.8599726599732378,0.940580548099388,0.973059513519359,446.82544687828647
0,rec_grapheme_10000_horizontal_C+FML,196.0,test,0.9467212920753834,0.9734663679650074,0.9881218017873384,0.922131128644854,0.9640629073198144,0.9828394703837432,0.9549180132188932,0.9843782529873047,0.9907193275386036,0.8565573594967755,0.9351751574564028,0.9658862982964144,0.8709016214979176,0.9400419606353618,0.971593644870414,0.9412568113130436,0.9739691760907088,0.987226866569895,517.5202582034094
0,rec_grapheme_10000_horizontal_C+FML,36.0,train,0.9406249706054698,0.9721056556336032,0.9849181552332124,0.912499971484376,0.9645535725362724,0.9840525798634362,0.9687499697265636,0.9822395838883464,0.9922743057969836,0.8374999738281259,0.92135044888637,0.9602219754494123,0.8593749731445322,0.9369531269702148,0.971707590169852,0.9406249706054698,0.972966270686074,0.9870816802978776,2095.362822070305
0,rec_grapheme_10000_horizontal_C+FML,201.0,train,0.9999999687500012,1.0,1.0,0.9999999687500012,1.0,1.0,0.9999999687500012,1.0,1.0,0.9999999687500012,1.0,1.0,0.9999999687500012,1.0,1.0,0.9999999687500012,1.0,1.0,2215.752214551574
0,rec_grapheme_10000_horizontal_C+FML,36.0,eval,0.8790983426414275,0.9414275968286696,0.973839611517078,0.8668032609261628,0.9399451937885288,0.9682645400726432,0.9159835877872216,0.9644776223776704,0.9800015183211588,0.7438524437735156,0.8763807597541022,0.9394526857753754,0.7725409677757998,0.878173792504245,0.94310543095163,0.8872950637849373,0.9486168043316228,0.9740352233036266,434.0703784686892
0,rec_grapheme_10000_horizontal_C+FML,201.0,eval,0.9467212920753834,0.9703608840317668,0.9840527152196674,0.9282786695024864,0.9667398523599366,0.9834000133508324,0.9569671935047708,0.9780444969370272,0.9878133405220832,0.8545081792108981,0.9325161020854428,0.9634603507357526,0.8647540806402852,0.9361241230887912,0.9664799100458948,0.9439890516942137,0.9717150777762436,0.9850886896975276,399.3611446532808
0,rec_grapheme_10000_horizontal_C+FML,36.0,test,0.8913934243566922,0.9515295677379773,0.979777355345442,0.8299180157803686,0.9267426179466612,0.966158438112158,0.9282786695024864,0.971838408071227,0.9862509760818984,0.7192622803429861,0.8747072625206357,0.9369372898689016,0.7438524437735156,0.87355744469356,0.9432420429706884,0.8831967032131823,0.9500368645852884,0.9773955898464992,279.15684768904634
0,rec_grapheme_10000_horizontal_C+FML,201.0,test,0.9385245709318736,0.9697745907833076,0.9841188527844498,0.9303278497883638,0.9678937360209128,0.9845717866809712,0.9610655540765256,0.9865095631179734,0.9907824834918586,0.8504098186391431,0.9332967421943484,0.9653094919937232,0.8627049003544078,0.9358362620486324,0.9681927103404,0.9433059915989208,0.974725963307398,0.9864910409857598,375.01051678944526
0,rec_grapheme_10000_horizontal_C+FML,41.0,train,0.9437499705078136,0.968645834313151,0.9842361116037326,0.9218749711914072,0.9687673620871312,0.9841493060508896,0.9687499697265636,0.98572916711263,0.9926388891189236,0.8937499720703135,0.9472395849820964,0.9737152785991752,0.8531249733398446,0.9200223239278738,0.9640480335309064,0.9447916371419282,0.9743807878376374,0.9870081022578486,1984.4652566621469
0,rec_grapheme_10000_horizontal_C+FML,206.0,train,0.9999999687500012,1.0,1.0,0.9999999687500012,1.0,1.0,0.9999999687500012,1.0,1.0,0.9999999687500012,1.0,1.0,0.9999999687500012,1.0,1.0,0.9999999687500012,1.0,1.0,1947.238602948281
0,rec_grapheme_10000_horizontal_C+FML,41.0,eval,0.8831967032131823,0.944711164286754,0.9722604416301042,0.8729508017837951,0.9437719566557268,0.9701012127733184,0.9282786695024864,0.9679970082019868,0.979035476186388,0.7827868692051871,0.8933670006238221,0.9438554417784848,0.7971311312063293,0.8824055124279381,0.9432938145890222,0.8948087248331545,0.952160043048156,0.973799043529937,448.56836958071307
0,rec_grapheme_10000_horizontal_C+FML,206.0,eval,0.9508196526471384,0.9703324231944632,0.9831094417547396,0.913934407501344,0.9608655355404212,0.979842679743444,0.959016373790648,0.9788153790445716,0.9859018564776378,0.8483606383532657,0.9334919022215752,0.9638853659061568,0.8668032609261628,0.936764085344738,0.9649733830579442,0.9412568113130436,0.9700044459264854,0.9829513259919406,326.52771430817967
0,rec_grapheme_10000_horizontal_C+FML,41.0,test,0.9098360469295892,0.9614420707875194,0.9803416930908384,0.8545081792108981,0.9339147489472324,0.9674334836233706,0.940573751217751,0.9794716046361204,0.9869511126795733,0.7725409677757998,0.8973726601826445,0.9482183526093688,0.7725409677757998,0.8899004706402128,0.9475984484673317,0.9016393257860794,0.9582761414569574,0.978242096464594,322.2011457207699
0,rec_grapheme_10000_horizontal_C+FML,206.0,test,0.9426229315036284,0.970582878562737,0.9856481484422436,0.922131128644854,0.965523354856892,0.9826963530304438,0.9508196526471384,0.9831967216558049,0.9890710384753204,0.87704916235555,0.9424180339668436,0.970351397085999,0.8627049003544078,0.9350897749444912,0.9687369899718872,0.9385245709318736,0.9731009850251446,0.9858051799826693,423.022452856183
0,rec_grapheme_10000_horizontal_C+FML,46.0,train,0.9593749700195324,0.9771354173811848,0.9875868059434678,0.949999970312501,0.976927084054362,0.9864409726459418,0.9781249694335948,0.9881250003710936,0.9930555557725694,0.9062499716796883,0.9566666680208332,0.9777604173616536,0.9062499716796883,0.9492559539667038,0.9755175272201038,0.962499969921876,0.9807291672688804,0.9890277781206596,1770.2557911241126
0,rec_grapheme_10000_horizontal_C+FML,211.0,train,0.9999999687500012,1.0,1.0,0.9999999687500012,1.0,1.0,0.9968749688476573,0.9994791666829428,0.9994791666829428,0.9999999687500012,1.0,1.0,0.9999999687500012,1.0,1.0,0.9989583021158864,0.9998263888943142,0.9998263888943142,2249.446109351009
0,rec_grapheme_10000_horizontal_C+FML,46.0,eval,0.899590145500202,0.9495072219558436,0.9766922005817044,0.8749999820696726,0.9439232056768274,0.9700838652153428,0.9282786695024864,0.9627049187970304,0.9804015963769732,0.7827868692051871,0.8945599162902437,0.943960340293119,0.7950819509204519,0.8877992476804083,0.9488713255337974,0.9009562656907868,0.952045115476567,0.97572588739134,326.2964012909012
0,rec_grapheme_10000_horizontal_C+FML,211.0,eval,0.9467212920753834,0.9709471772802264,0.9845964527399678,0.9282786695024864,0.9662275572884672,0.981630020326126,0.9569671935047708,0.9787324360330004,0.9868012189364396,0.8524589989250205,0.9341359303114224,0.9616719259306972,0.8749999820696726,0.94349954578439,0.9685374930551668,0.9439890516942137,0.9719690568672312,0.9843425640008444,443.71275817630135
0,rec_grapheme_10000_horizontal_C+FML,46.0,test,0.899590145500202,0.9561938923886888,0.9803758460956028,0.8647540806402852,0.939518281228971,0.971669269380964,0.9364753906459962,0.9752854220521138,0.9872731267244969,0.7807376889193097,0.9007977186604682,0.9506464686147776,0.7643442466322901,0.8858826135796888,0.9504838352587556,0.9002732055954944,0.9569991985565912,0.9797727474003546,370.3784748171047
0,rec_grapheme_10000_horizontal_C+FML,211.0,test,0.9426229315036284,0.9712147091508826,0.9860029602139648,0.9282786695024864,0.967975865865704,0.98471083820037,0.967213094934158,0.9882399820260476,0.9912909837850208,0.8668032609261628,0.937841531328384,0.9664731336560606,0.8831967032131823,0.9466261720539132,0.9720064625391164,0.9460382319800908,0.9758101856808782,0.9873349273997852,439.7910085090351
0,rec_grapheme_10000_horizontal_C+FML,51.0,train,0.962499969921876,0.9790625006542968,0.9889236114572484,0.949999970312501,0.9766145840641276,0.9886284725775824,0.9843749692382824,0.9921875002441406,0.9949652779351128,0.937499970703126,0.9643750011132812,0.9823784727728948,0.9187499712890634,0.9556956859083192,0.977166419364343,0.9656249698242196,0.982621528320855,0.990839120656648,1940.599698544089
0,rec_grapheme_10000_horizontal_C+FML,216.0,train,0.9999999687500012,1.0,1.0,0.9999999687500012,1.0,1.0,0.9999999687500012,1.0,1.0,0.9999999687500012,1.0,1.0,0.9999999687500012,1.0,1.0,0.9999999687500012,1.0,1.0,1846.3049340727848
0,rec_grapheme_10000_horizontal_C+FML,51.0,eval,0.9016393257860794,0.9513856372178978,0.975516361417665,0.8831967032131823,0.9497292164868136,0.9736504147129056,0.9303278497883638,0.9685889936179072,0.9803300377003236,0.8032786720639616,0.9073648535766374,0.9530393473930484,0.813524573493349,0.8960154848266408,0.9510676890068748,0.9050546262625416,0.9565679491075396,0.9764989379436314,285.3229207765881
0,rec_grapheme_10000_horizontal_C+FML,216.0,eval,0.9467212920753834,0.9706658215743084,0.9831541659276458,0.9200819483589764,0.960294692460784,0.9788189027672854,0.9528688329330156,0.9763905157062832,0.9849797253489928,0.8586065397826529,0.9338871012767084,0.96260273083833,0.8647540806402852,0.933048726326415,0.9630843966277484,0.9398906911224584,0.969117009913792,0.9823175980146414,522.6816685620915
0,rec_grapheme_10000_horizontal_C+FML,51.0,test,0.9118852272154668,0.9621901842252206,0.9837537409001804,0.8709016214979176,0.9448266339695296,0.9727442758642696,0.9364753906459962,0.9773427340057924,0.9871674150430824,0.7991803114922068,0.91174131718719,0.9550554588965346,0.7807376889193097,0.896689600087352,0.954895265040853,0.9064207464531268,0.9614531840668477,0.9812218106025108,386.46622249921774
0,rec_grapheme_10000_horizontal_C+FML,216.0,test,0.9426229315036284,0.9712431699881864,0.9864298727735228,0.9344262103601186,0.9694021603980172,0.9856438115527496,0.9610655540765256,0.9855874319893284,0.9904599273357484,0.8586065397826529,0.9387978154617934,0.966484517990982,0.8749999820696726,0.9414788263358164,0.9700526938221052,0.9460382319800908,0.975410920791844,0.98751120388734,479.1264401166772
0,rec_grapheme_10000_horizontal_C+FML,56.0,train,0.9656249698242196,0.983437500517578,0.9894097225531684,0.9593749700195324,0.9797135423006184,0.9884114586954752,0.9906249690429698,0.996562500107422,0.996562500107422,0.937499970703126,0.973854167483724,0.9835763894021268,0.9343749708007822,0.9654427094132486,0.9819531255639647,0.9718749696289072,0.986571180975206,0.9914612271186884,2161.9818637868448
0,rec_grapheme_10000_horizontal_C+FML,221.0,train,0.9999999687500012,1.0,1.0,0.9999999687500012,1.0,1.0,0.9999999687500012,1.0,1.0,0.9999999687500012,1.0,1.0,0.9999999687500012,1.0,1.0,0.9999999687500012,1.0,1.0,2029.5648274423345
0,rec_grapheme_10000_horizontal_C+FML,81.0,eval,0.9323770300742412,0.9650468391237474,0.980619796129636,0.8975409652143246,0.9526883303996342,0.976238724573996,0.9426229315036284,0.9739477626988328,0.984404003268675,0.8258196552086137,0.9161641313042088,0.9520009334148478,0.8401639172097558,0.9158510620938664,0.9584081455309286,0.9241803089307314,0.9638943107407382,0.9804208413241025,481.17573664226086
0,rec_grapheme_10000_horizontal_C+FML,56.0,eval,0.9077868666437118,0.95480093769436,0.9764889088866768,0.8893442440708147,0.9501585685467115,0.9732270258760616,0.9344262103601186,0.9671301724143896,0.979307073890945,0.8053278523498392,0.9025468404044852,0.9472319813050952,0.813524573493349,0.901238455055288,0.9526671880633512,0.9105191070248816,0.957363226218487,0.9763410028845612,405.5167551652023
0,rec_grapheme_10000_horizontal_C+FML,221.0,eval,0.9508196526471384,0.972036820765574,0.9836152314919682,0.9323770300742412,0.9683938335906808,0.982087833223328,0.9569671935047708,0.977415105849222,0.9867686922652352,0.8504098186391431,0.9330332761575928,0.96661543784258,0.8934426046425696,0.9476564543643128,0.9722165306239782,0.9467212920753836,0.9726152534018256,0.984157252326844,500.8105043658341
0,rec_grapheme_10000_horizontal_C+FML,81.0,test,0.9323770300742412,0.9672619054327674,0.9856036953249308,0.9098360469295892,0.9596026875309104,0.9805270951167034,0.9385245709318736,0.973824974515036,0.9870779666972704,0.8196721143509813,0.9216993575764184,0.9601393776057828,0.8176229340651039,0.9095384483798716,0.9603337244662292,0.9269125493119014,0.9668965224929046,0.9844029190463016,407.994319231929
0,rec_grapheme_10000_horizontal_C+FML,56.0,test,0.9118852272154668,0.9613705121108695,0.9826836134175554,0.8913934243566922,0.9525476525466752,0.974976418675672,0.9508196526471384,0.9837716305693428,0.9894296450253488,0.8032786720639616,0.912264996593581,0.951283991370384,0.7991803114922068,0.9056441926699244,0.9558195646142448,0.9180327680730992,0.9658965984089626,0.9823632257061922,400.4220834052924
0,rec_grapheme_10000_horizontal_C+FML,221.0,test,0.9385245709318736,0.9698087437880722,0.9855418946496424,0.9385245709318736,0.9710984263013268,0.985442688302469,0.9569671935047708,0.9848393185516272,0.9892564405011852,0.8627049003544078,0.937429255770868,0.9678178404547692,0.87704916235555,0.939429646049939,0.9698401862369032,0.944672111789506,0.9752488295470088,0.9867470078177656,490.76259611679774
0,rec_grapheme_10000_horizontal_C+FML,86.0,train,0.9843749692382824,0.9951041668196614,0.996145833453776,0.9843749692382824,0.9956770834684244,0.9968576389870876,0.9937499689453136,0.9983333333854166,0.998854166702474,0.9906249690429698,0.997291666751302,0.9985763889333767,0.9781249694335948,0.986145833766276,0.993194444657118,0.987499969140626,0.9963715278911676,0.997285879714446,2045.438956618892
0,rec_grapheme_10000_horizontal_C+FML,61.0,train,0.974999969531251,0.985751488540504,0.9932862105272664,0.9687499697265636,0.9868452385063244,0.9916369050232516,0.9937499689453136,0.997291666751302,0.9978125000683594,0.9656249698242196,0.9845312504833984,0.9907986113986544,0.9562499701171884,0.9748363103101748,0.9867311512083023,0.9791666360677094,0.9899627979327102,0.9942452052062924,2134.8093701617245
0,rec_grapheme_10000_horizontal_C+FML,226.0,train,0.9999999687500012,1.0,1.0,0.9999999687500012,1.0,1.0,0.9999999687500012,1.0,1.0,0.9999999687500012,1.0,1.0,0.9999999687500012,1.0,1.0,0.9999999687500012,1.0,1.0,2159.9469218899635
0,rec_grapheme_10000_horizontal_C+FML,86.0,eval,0.9344262103601186,0.9665788453374748,0.9823729837075532,0.899590145500202,0.9544211888080488,0.9761956267346504,0.9467212920753834,0.9758749679676936,0.9853066183945972,0.8278688354944911,0.9145906535846958,0.955803572334236,0.8463114580673882,0.9157486030795726,0.9615315191333316,0.9269125493119014,0.9656250007044056,0.9812917429456004,385.183928066008
0,rec_grapheme_10000_horizontal_C+FML,61.0,eval,0.9098360469295892,0.956454918925104,0.9802148390731412,0.895491784928447,0.9523955903587944,0.9740155265971752,0.9426229315036284,0.9726710908540598,0.983289964779924,0.813524573493349,0.9089578472988732,0.9493597677130502,0.8217212946368587,0.903277064173024,0.9551058752369016,0.9159835877872216,0.960507200045986,0.9791734434834136,491.25169214220574
0,rec_grapheme_10000_horizontal_C+FML,226.0,eval,0.9528688329330156,0.9721425324469882,0.9847130066451169,0.9303278497883638,0.9666373933456428,0.9814251022975384,0.9610655540765256,0.9798058161827458,0.9869638522924616,0.8504098186391431,0.9339700442882798,0.962341975357508,0.8893442440708147,0.9479638314071944,0.9699399346952632,0.9480874122659684,0.9728619139917924,0.9843673204117056,462.2451650444992
0,rec_grapheme_10000_horizontal_C+FML,86.0,test,0.9323770300742412,0.9700966048282312,0.9844235192713976,0.913934407501344,0.9593237713253324,0.9783469949792284,0.9487704723612608,0.9801969494039788,0.987562614098216,0.8299180157803686,0.9267596944490436,0.961135506911418,0.8299180157803686,0.9163300173273512,0.95947718879118,0.9316939699789488,0.9698724418525142,0.9834443761162808,431.9920817491424
0,rec_grapheme_10000_horizontal_C+FML,61.0,test,0.9159835877872216,0.9612420317596124,0.9812215395469176,0.899590145500202,0.9547277526841502,0.9782380306306936,0.9549180132188932,0.9826559657470316,0.989452413695192,0.7991803114922068,0.91248048579031,0.9556059728066691,0.813524573493349,0.9101288074622316,0.958765938914177,0.923497248835439,0.9662085833969312,0.9829706612909342,503.5524648271166
0,rec_grapheme_10000_horizontal_C+FML,226.0,test,0.9467212920753834,0.972931304223695,0.9877195552867772,0.9282786695024864,0.9667723790311412,0.9835832469319504,0.963114734362403,0.9868624775005412,0.99121129344057,0.8647540806402852,0.9379415508423374,0.9667249443023014,0.8831967032131823,0.9401419801493154,0.9713499658919742,0.9460382319800908,0.9755220535851258,0.9875046985530992,507.5072106417299
0,rec_grapheme_10000_horizontal_C+FML,91.0,train,0.9968749688476573,0.9993750000195312,0.9993750000195312,0.9968749688476573,0.9989583333658856,0.999305555577257,0.9906249690429698,0.997291666751302,0.997291666751302,0.9906249690429698,0.9982291667220052,0.9990625000292968,0.9812499693359386,0.9895833336588542,0.9937847224164496,0.994791635579428,0.9985416667122397,0.9986574074493634,1967.119615032484
0,rec_grapheme_10000_horizontal_C+FML,66.0,train,0.9781249694335948,0.9903409093927557,0.9932575759682764,0.9718749696289072,0.9860639885307384,0.9924528772199744,0.9937499689453136,0.997291666751302,0.9983333333854166,0.9656249698242196,0.9859375004394532,0.9907986113986544,0.9531249702148448,0.9725520841910807,0.9855381948963758,0.9812499693359386,0.991232188224932,0.9946812621912224,1790.5600057204972
0,rec_grapheme_10000_horizontal_C+FML,231.0,train,0.9999999687500012,1.0,1.0,0.9999999687500012,1.0,1.0,0.9999999687500012,1.0,1.0,0.9999999687500012,1.0,1.0,0.9999999687500012,1.0,1.0,0.9999999687500012,1.0,1.0,2101.136411240841
0,rec_grapheme_10000_horizontal_C+FML,91.0,eval,0.9262294892166087,0.961956805359329,0.9800050420438728,0.9077868666437118,0.9569249293240076,0.975523679918686,0.9426229315036284,0.9747316554748588,0.9862157388547604,0.8381147369238784,0.916142175801146,0.9526799276762395,0.8442622777815108,0.91262604264395,0.9588941482098412,0.9255464291213163,0.9645377967193984,0.9805814869391064,199.1293635557577
0,rec_grapheme_10000_horizontal_C+FML,66.0,eval,0.9118852272154668,0.9559198551837916,0.9768813973858764,0.899590145500202,0.9514872830654116,0.9739030385259264,0.9323770300742412,0.9692980750501632,0.9806341620760846,0.8299180157803686,0.9177156535206588,0.9531347589619146,0.8299180157803686,0.9045797573547604,0.952942309490622,0.9146174675966366,0.9589017377664556,0.9771395326626292,393.0758438944114
0,rec_grapheme_10000_horizontal_C+FML,231.0,eval,0.944672111789506,0.9705568572257736,0.9829159080610737,0.9200819483589764,0.9628073778113242,0.9803720513172958,0.9610655540765256,0.979350442785884,0.9860856321699428,0.8606557200685304,0.9381708638743286,0.9641824428364903,0.8749999820696726,0.941372301487622,0.967690173270292,0.941939871408336,0.9709048926076608,0.983124530516104,531.354819845893
0,rec_grapheme_10000_horizontal_C+FML,91.0,test,0.9303278497883638,0.968662178628117,0.9833685709020016,0.9077868666437118,0.95804872581412,0.9774476325204264,0.944672111789506,0.979866803691254,0.9875891775463664,0.831967196066246,0.9262978157179408,0.9598550402883378,0.8237704749227363,0.9152444396759044,0.9569002632650112,0.927595609407194,0.968859236044497,0.9828017936562649,466.4211146011699
0,rec_grapheme_10000_horizontal_C+FML,66.0,test,0.9282786695024864,0.9682604742387424,0.9835382517034512,0.8975409652143246,0.9571664398577004,0.9783868401514536,0.9487704723612608,0.9815516852596422,0.988234289858587,0.8217212946368587,0.922849175403494,0.9578213101712824,0.809426212921594,0.910649234201502,0.9580601101490416,0.9248633690260238,0.9689928664520284,0.983386460571164,429.3724767621806
0,rec_grapheme_10000_horizontal_C+FML,231.0,test,0.944672111789506,0.9722677601311251,0.9868283244957766,0.9323770300742412,0.9683775702550784,0.9846929485312076,0.9651639146482804,0.9883196723704986,0.9923269582628812,0.8668032609261628,0.9368315781874872,0.9692845222704946,0.87704916235555,0.939171059013864,0.969919876581354,0.947404352170676,0.9763216675855674,0.987949410429955,541.7470865121857
0,rec_grapheme_10000_horizontal_C+FML,96.0,train,0.9999999687500012,1.0,1.0,0.9906249690429698,0.9983035714815848,0.9991369047888764,0.9968749688476573,0.9993750000195312,0.9993750000195312,0.9906249690429698,0.9978125000683594,0.9982291667220052,0.9906249690429698,0.9966666667708334,0.9984722222699652,0.9958333022135428,0.999226190500372,0.9995039682694692,1973.308630341256
0,rec_grapheme_10000_horizontal_C+FML,71.0,train,0.9812499693359386,0.9915104169319662,0.994427083507487,0.9843749692382824,0.9920833335807292,0.995659722357856,0.9937499689453136,0.9978125000683594,0.9978125000683594,0.9718749696289072,0.988854167014974,0.991597222484809,0.9687499697265636,0.982500000546875,0.9893171299634692,0.9864583025065116,0.9938020835270184,0.9959664353112342,1940.827110010638
0,rec_grapheme_10000_horizontal_C+FML,241.0,test,0.9487704723612608,0.9733606562835933,0.9875607167090624,0.9303278497883638,0.9678002218412004,0.9837816596262974,0.9651639146482804,0.9876024592704414,0.991905737870784,0.8749999820696726,0.9429620425427372,0.9683263407479314,0.8811475229273049,0.9422204344392768,0.9704763537145426,0.9480874122659684,0.9762544457984116,0.987749371402048,211.1008767097668
0,rec_grapheme_10000_horizontal_C+FML,236.0,train,0.9999999687500012,1.0,1.0,0.9999999687500012,1.0,1.0,0.9999999687500012,1.0,1.0,0.9999999687500012,1.0,1.0,0.9999999687500012,1.0,1.0,0.9999999687500012,1.0,1.0,1314.5791113036207
0,rec_grapheme_10000_horizontal_C+FML,96.0,eval,0.9159835877872216,0.9609322152163904,0.9777363067273656,0.8975409652143246,0.955693794818921,0.9765154723348268,0.9344262103601186,0.9731028824142982,0.9832387352727772,0.8381147369238784,0.92193354960909,0.9572379985343502,0.8217212946368587,0.9043756524929528,0.950911832040687,0.9159835877872216,0.96324296414987,0.9791635047783231,336.57234657537987
0,rec_grapheme_10000_horizontal_C+FML,71.0,eval,0.9200819483589764,0.9610314215635638,0.9807938138205796,0.8893442440708147,0.951062810006194,0.9717237515552316,0.9385245709318736,0.9689484133347156,0.9814798555273992,0.813524573493349,0.9070940690388608,0.9494530108371696,0.8217212946368587,0.907325008404412,0.9548478303120131,0.9159835877872216,0.9603475483014912,0.97799914030107,420.2725421198999
0,rec_grapheme_10000_horizontal_C+FML,236.0,eval,0.9467212920753834,0.970434882208757,0.984086868224432,0.9241803089307314,0.9639051529644728,0.981013097795616,0.9610655540765256,0.9794642861350996,0.9865084788956,0.8545081792108981,0.9367364376742144,0.9663091450220715,0.8709016214979176,0.9413381484828574,0.9687158476356044,0.9439890516942137,0.9712681071027764,0.9838694816385494,463.247600818632
0,rec_grapheme_10000_horizontal_C+FML,96.0,test,0.9282786695024864,0.966225930954907,0.9824274658818208,0.899590145500202,0.9551945104159336,0.9784451171040282,0.9426229315036284,0.9775362676994584,0.9877631952373098,0.8299180157803686,0.92451941996984,0.9589760069990388,0.8237704749227363,0.9119096427106728,0.95861658728223,0.923497248835439,0.966318903023433,0.9828785927410528,540.3933427953292
0,rec_grapheme_10000_horizontal_C+FML,71.0,test,0.922131128644854,0.9652639546540368,0.9858029211860576,0.9159835877872216,0.9614469497882,0.9811418492024666,0.9528688329330156,0.981631375604093,0.9880293718299992,0.8196721143509813,0.9215651850577,0.9612867559325184,0.8401639172097558,0.9168789049039257,0.963544106914104,0.9303278497883636,0.96944742668211,0.984991380739508,522.5813147486951
0,rec_grapheme_10000_horizontal_C+FML,236.0,test,0.9508196526471384,0.9749544631726088,0.9888509413335038,0.9385245709318736,0.9708170705954088,0.9872538817773676,0.9569671935047708,0.9865551004576596,0.9925432606263904,0.8565573594967755,0.9369681902065456,0.9663132108559722,0.8790983426414275,0.9429547240417162,0.9707875255357314,0.9487704723612608,0.977442211408559,0.989549361245754,442.1689842309764
0,rec_grapheme_10000_horizontal_C+FML,246.0,train,0.9999999687500012,1.0,1.0,0.9999999687500012,1.0,1.0,0.9999999687500012,1.0,1.0,0.9999999687500012,1.0,1.0,0.9999999687500012,1.0,1.0,0.9999999687500012,1.0,1.0,2188.615471656738
0,rec_grapheme_10000_horizontal_C+FML,246.0,eval,0.9569671935047708,0.9735769586471024,0.9851586220406172,0.9200819483589764,0.963551425415125,0.97973778122881,0.959016373790648,0.979586261152116,0.9862076071869592,0.8545081792108981,0.934052987299851,0.965392977116481,0.8872950637849373,0.9436459158048098,0.9698629549067462,0.9453551718847985,0.9722382150714476,0.9837013368187956,530.7510886948089
0,rec_grapheme_10000_horizontal_C+FML,101.0,train,0.9968749688476573,0.9994791666829428,0.9994791666829428,0.987499969140626,0.9973660715108816,0.9977827381645276,0.9937499689453136,0.9985937500439452,0.9985937500439452,0.9937499689453136,0.9985937500439452,0.9990104166975912,0.9812499693359386,0.9906770836246744,0.99560763902615,0.992708302311199,0.9984796627459231,0.998618551630472,2187.664998566959
0,rec_grapheme_10000_horizontal_C+FML,76.0,train,0.987499969140626,0.996145833453776,0.9964930556651476,0.9812499693359386,0.9918229169222004,0.9945312501708984,0.9937499689453136,0.9978125000683594,0.998854166702474,0.9781249694335948,0.9922395835758464,0.9947395834977214,0.974999969531251,0.9855208337858072,0.991145833610026,0.987499969140626,0.9952604168147786,0.99662615751284,2209.6830073586884
0,rec_grapheme_10000_horizontal_C+FML,246.0,test,0.944672111789506,0.972214091123638,0.9872110549936152,0.9344262103601186,0.970190932174724,0.9858308399121748,0.959016373790648,0.986956804847034,0.9920266286654272,0.8749999820696726,0.942449747471268,0.9689638635035378,0.8852458834990599,0.948543619321413,0.9723005578579228,0.9460382319800908,0.976453942715132,0.988356174523739,466.9829465601583
0,rec_grapheme_10000_horizontal_C+FML,241.0,train,0.9999999687500012,1.0,1.0,0.9999999687500012,1.0,1.0,0.9999999687500012,1.0,1.0,0.9999999687500012,1.0,1.0,0.9999999687500012,1.0,1.0,0.9999999687500012,1.0,1.0,2414.008406690072
0,rec_grapheme_10000_horizontal_C+FML,101.0,eval,0.9241803089307314,0.9656103637023636,0.978257546633416,0.8975409652143246,0.9542626212859272,0.9743163983058158,0.940573751217751,0.973204528261812,0.9839665195409758,0.8381147369238784,0.9202063833681362,0.9521676326047704,0.8545081792108981,0.9224425920134388,0.9606611596230205,0.920765008454269,0.9643591710833678,0.9788468214934024,463.4428234329055
0,rec_grapheme_10000_horizontal_C+FML,76.0,eval,0.9241803089307314,0.9626561287902238,0.9789552437307506,0.9036885060719568,0.9569940485003172,0.9762265270722944,0.940573751217751,0.9734492914626252,0.983289151613144,0.8278688354944911,0.9130732843730104,0.9549342970462984,0.8483606383532657,0.9165194851871168,0.9596089218095578,0.9228141887401464,0.9643664895843886,0.9794903074720632,451.24648074234887
0,rec_grapheme_10000_horizontal_C+FML,241.0,eval,0.9487704723612608,0.9714423958493134,0.9827516483714912,0.9262294892166087,0.964075917988296,0.981373601734798,0.959016373790648,0.9798058161827458,0.9863133188683736,0.8627049003544078,0.9383952979056388,0.9670377424570504,0.8872950637849373,0.94519743802126,0.9687483743068086,0.944672111789506,0.971774710006785,0.9834795229915544,471.259892903446
0,rec_grapheme_10000_horizontal_C+FML,101.0,test,0.9364753906459962,0.9691891107016284,0.9838196074093692,0.9098360469295892,0.9610151582279616,0.9810933302512534,0.9549180132188932,0.9848677793889312,0.9906851745338388,0.8401639172097558,0.9311963324013242,0.9630285591755142,0.8504098186391431,0.9298863207185668,0.9664116040363656,0.9337431502648262,0.9716906827728404,0.9851993707314872,547.3691903333829
0,rec_grapheme_10000_horizontal_C+FML,76.0,test,0.9241803089307314,0.9647744282524106,0.98271776642232,0.9016393257860794,0.956750911633064,0.9787795997062468,0.9549180132188932,0.9818704466374452,0.9883936705474884,0.8176229340651039,0.9204918049079548,0.9627732248065596,0.8217212946368587,0.9129561883566744,0.9586876038476932,0.9269125493119014,0.96779859550764,0.9832970122253516,594.5301801420617
0,rec_grapheme_10000_horizontal_C+FML,251.0,train,0.9999999687500012,1.0,1.0,0.9999999687500012,1.0,1.0,0.9999999687500012,1.0,1.0,0.9999999687500012,1.0,1.0,0.9999999687500012,1.0,1.0,0.9999999687500012,1.0,1.0,2134.150567936623
0,rec_grapheme_10000_horizontal_C+FML,251.0,eval,0.9508196526471384,0.9713570133374018,0.9836217368262092,0.9282786695024864,0.9651907696438268,0.9809217520606502,0.9610655540765256,0.9807816163188778,0.987484279031732,0.8586065397826529,0.9365656726503911,0.966414856703486,0.8872950637849373,0.9443289759001025,0.969911202802366,0.9467212920753836,0.9724431331000356,0.9840092559728638,519.9682339047775
0,rec_grapheme_10000_horizontal_C+FML,106.0,train,0.9999999687500012,1.0,1.0,0.9937499689453136,0.9968750000976564,0.9989583333658856,0.9968749688476573,0.9993750000195312,0.9993750000195312,0.9906249690429698,0.9971875000878906,0.9990625000292968,0.9843749692382824,0.9931250002148436,0.9967708334342448,0.9968749688476573,0.9987500000390624,0.9994444444618056,2323.8441597009028
0,rec_grapheme_10000_horizontal_C+FML,81.0,train,0.987499969140626,0.9945833335026042,0.995451389031033,0.9812499693359386,0.9950669644398716,0.9976413691213264,0.9906249690429698,0.997291666751302,0.9985069444911024,0.987499969140626,0.996145833453776,0.9970833334244792,0.9718749696289072,0.98463541714681,0.9910763891677518,0.9864583025065116,0.9956473215645928,0.9971999008811538,2543.276567268132
0,rec_grapheme_10000_horizontal_C+FML,251.0,test,0.9467212920753834,0.9720628421025374,0.9870522164159002,0.9282786695024864,0.9677433001665924,0.984256006914695,0.963114734362403,0.9875455375958336,0.9916590772808174,0.8749999820696726,0.9420057584093278,0.9674838999637374,0.8831967032131823,0.9448404578047916,0.9710214465128096,0.9460382319800908,0.9757838932883212,0.9876557668704709,546.8604155864001
0,rec_grapheme_10000_horizontal_C+FML,106.0,eval,0.9303278497883638,0.964150729332066,0.983362336623354,0.899590145500202,0.9559694583573785,0.9765897415674104,0.9508196526471384,0.9779729382603776,0.9876485387213144,0.8483606383532657,0.9299741427308188,0.9634809509608488,0.8483606383532657,0.9212049521741114,0.9631882109200092,0.9269125493119014,0.9660310419832742,0.9825335389706928,539.8122583070558
0,rec_grapheme_10000_horizontal_C+FML,106.0,test,0.9262294892166087,0.9694704664075464,0.9860742478350212,0.9016393257860794,0.9566142996140056,0.9805631455106216,0.9508196526471384,0.9837691910690024,0.989837041582184,0.831967196066246,0.9280371794605964,0.96026623162348,0.8237704749227363,0.9190110282013744,0.9605822824453496,0.9262294892166087,0.9699513190301848,0.9854914783092756,223.67462127655944
0,rec_grapheme_10000_horizontal_C+FML,256.0,train,0.9999999687500012,1.0,1.0,0.9999999687500012,1.0,1.0,0.9999999687500012,1.0,1.0,0.9999999687500012,1.0,1.0,0.9999999687500012,1.0,1.0,0.9999999687500012,1.0,1.0,1450.370887142334
0,rec_grapheme_10000_horizontal_C+FML,256.0,eval,0.9487704723612608,0.9719034614136358,0.984064099554589,0.9282786695024864,0.9641978930053124,0.9798150320729204,0.9651639146482804,0.9808791963324912,0.9863621088751802,0.8627049003544078,0.9377268748123884,0.9670057578970328,0.8913934243566922,0.9471612357952258,0.9706761216868564,0.947404352170676,0.9723268502504796,0.9834137468342298,577.0692017347694
0,rec_grapheme_10000_horizontal_C+FML,256.0,test,0.9385245709318736,0.970560109892894,0.9865816639058098,0.9344262103601186,0.9709764512843104,0.9852578283877906,0.9610655540765256,0.9866803281417964,0.990642076694493,0.8709016214979176,0.9403322611758612,0.9677609187801616,0.8749999820696726,0.9417496108735932,0.969787330396196,0.944672111789506,0.9760722964396668,0.9874938563293644,576.8908551821442
0,rec_grapheme_10000_horizontal_C+FML,261.0,train,0.9999999687500012,1.0,1.0,0.9999999687500012,1.0,1.0,0.9999999687500012,1.0,1.0,0.9999999687500012,1.0,1.0,0.9999999687500012,1.0,1.0,0.9999999687500012,1.0,1.0,2314.0302952416096
0,rec_grapheme_10000_horizontal_C+FML,261.0,eval,0.9487704723612608,0.9716302373755188,0.9839730248752168,0.9262294892166087,0.9651005081312348,0.9816771839993724,0.963114734362403,0.9803181112542152,0.9858335504681086,0.8606557200685304,0.938683158945798,0.9664278673719676,0.8852458834990599,0.9467684762404326,0.9703649498656676,0.9460382319800908,0.9723496189203228,0.9838279197808992,576.0415928469445
0,rec_grapheme_10000_horizontal_C+FML,261.0,test,0.940573751217751,0.97090163994054,0.9862401338581636,0.9344262103601186,0.9706463055715856,0.985413414298385,0.9610655540765256,0.9874804842534248,0.991897606202983,0.87704916235555,0.9437134086475588,0.9695710280326868,0.8852458834990599,0.945967506962024,0.9709038083852872,0.9453551718847985,0.9763428099218504,0.9878503847865104,576.3632875775643
0,rec_grapheme_10000_horizontal_C+FML,266.0,train,0.9999999687500012,1.0,1.0,0.9999999687500012,1.0,1.0,0.9999999687500012,1.0,1.0,0.9999999687500012,1.0,1.0,0.9999999687500012,1.0,1.0,0.9999999687500012,1.0,1.0,2525.4714914187084
0,rec_grapheme_10000_horizontal_C+FML,266.0,eval,0.9508196526471384,0.9726548275184576,0.9842007115736476,0.9262294892166087,0.9658372372340144,0.9810445402444468,0.9610655540765256,0.9800253712133756,0.9863865038785834,0.8709016214979176,0.941498342338539,0.9693655678929122,0.8790983426414275,0.9460854161451402,0.9703419101402312,0.9460382319800908,0.9728391453219492,0.9838772518988924,602.8809988528268
0,rec_grapheme_10000_horizontal_C+FML,266.0,test,0.940573751217751,0.9707991809262464,0.986479204891516,0.9282786695024864,0.9682897482428264,0.984172521791937,0.959016373790648,0.9866835808089168,0.9917837628537676,0.8709016214979176,0.941698381366446,0.970648745071926,0.8749999820696726,0.9416926891989854,0.9693156936637322,0.9426229315036284,0.9752575033259966,0.9874784965124068,602.3147948034656
0,rec_grapheme_10000_horizontal_C+FML,271.0,train,0.9999999687500012,1.0,1.0,0.9999999687500012,1.0,1.0,0.9999999687500012,1.0,1.0,0.9999999687500012,1.0,1.0,0.9999999687500012,1.0,1.0,0.9999999687500012,1.0,1.0,2692.265080951455
0,rec_grapheme_10000_horizontal_C+FML,271.0,eval,0.9508196526471384,0.9724840624946344,0.9848268499943322,0.9262294892166087,0.9661787672816609,0.981467386970104,0.963114734362403,0.980147346230392,0.986427162217589,0.8565573594967755,0.9380537678579928,0.9672984979378724,0.8811475229273049,0.9463586401832572,0.9707680095330088,0.9467212920753836,0.9729367253355624,0.9842404663940084,624.3621740757534
0,rec_grapheme_10000_horizontal_C+FML,271.0,test,0.9364753906459962,0.9687841536451336,0.9848967823374216,0.9323770300742412,0.9696217154286468,0.9846165108538772,0.963114734362403,0.9878756833085583,0.9922244992485872,0.8749999820696726,0.9420057584093278,0.969935326750176,0.8749999820696726,0.940212725659185,0.9682683348509504,0.9439890516942137,0.975427184127446,0.9872459308132956,605.8278903291224
0,rec_grapheme_10000_horizontal_C+FML,276.0,train,0.9999999687500012,1.0,1.0,0.9999999687500012,1.0,1.0,0.9999999687500012,1.0,1.0,0.9999999687500012,1.0,1.0,0.9999999687500012,1.0,1.0,0.9999999687500012,1.0,1.0,2715.896328139898
0,rec_grapheme_10000_horizontal_C+FML,276.0,eval,0.9508196526471383,0.9710154832897556,0.983768106846629,0.9200819483589765,0.9626414917881818,0.9806298251865907,0.9610655540765256,0.9799765812065688,0.9867117705906274,0.8565573594967755,0.9364485766340553,0.9661627750016519,0.8790983426414275,0.9431824107401471,0.9687253345813722,0.9439890516942135,0.9712111854281688,0.9837032342079489,610.1388889090929
